date,gov_id,gov_name,region,mean_ndvi,std_ndvi,mean_ndmi,healthy_pct,cloud_pct,confidence,scene_id
2022-01-30,tunis,Tunis,north,0.3423,0.2567,0.0846,41.94,0.0,0.024,S2B_32SPF_20220130_1_L2A
2022-02-09,tunis,Tunis,north,0.2956,0.2295,0.0548,33.36,0.1,0.999,S2B_32SPF_20220209_0_L2A
2022-03-29,tunis,Tunis,north,0.2632,0.1961,0.0512,32.89,4.7,0.953,S2A_32SPF_20220329_0_L2A
2022-04-08,tunis,Tunis,north,0.2620,0.2016,0.0203,28.53,0.0,1.000,S2A_32SNF_20220408_0_L2A
2022-05-15,tunis,Tunis,north,0.1944,0.1750,-0.0495,8.62,0.0,1.000,S2A_32SNF_20220515_0_L2A
2022-06-24,tunis,Tunis,north,0.1538,0.1125,-0.0595,5.34,0.1,0.999,S2A_32SNF_20220624_0_L2A
2022-07-17,tunis,Tunis,north,0.1654,0.1388,-0.0607,6.19,0.0,1.000,S2A_32SNF_20220717_0_L2A
2022-08-26,tunis,Tunis,north,0.1490,0.1225,-0.0801,4.60,0.0,1.000,S2A_32SNF_20220826_0_L2A
2022-09-10,tunis,Tunis,north,0.1700,0.1782,-0.0911,5.83,0.0,1.000,S2B_32SPF_20220910_0_L2A
2022-10-20,tunis,Tunis,north,0.1737,0.1302,-0.0537,7.64,0.0,1.000,S2B_32SNF_20221020_0_L2A
2022-11-14,tunis,Tunis,north,0.1967,0.1550,-0.0490,10.08,0.0,1.000,S2A_32SNF_20221114_0_L2A
2022-12-04,tunis,Tunis,north,0.2462,0.1769,0.0167,23.67,0.0,1.000,S2A_32SNF_20221204_0_L2A
2023-01-08,tunis,Tunis,north,0.2516,0.1952,-0.0001,22.38,0.0,1.000,S2B_32SNF_20230108_0_L2A
2023-02-19,tunis,Tunis,north,0.2417,0.1852,0.0084,22.77,0.0,1.000,S2A_32SNF_20230219_0_L2A
2023-03-24,tunis,Tunis,north,0.2189,0.1667,-0.0195,16.28,0.0,1.000,S2A_32SNF_20230324_0_L2A
2023-04-08,tunis,Tunis,north,0.2236,0.1634,-0.0141,14.68,0.0,1.000,S2B_32SPF_20230408_0_L2A
2023-05-28,tunis,Tunis,north,0.1769,0.1376,-0.0568,6.56,20.2,0.798,S2B_32SNF_20230528_0_L2A
2023-06-22,tunis,Tunis,north,0.1693,0.1124,-0.0471,5.55,4.4,0.956,S2A_32SNF_20230622_1_L2A
2023-07-14,tunis,Tunis,north,0.1385,0.0933,-0.0659,3.69,0.0,1.000,S2B_32SNF_20230714_0_L2A
2023-08-16,tunis,Tunis,north,0.1519,0.1280,-0.0737,5.23,0.0,1.000,S2B_32SNF_20230816_0_L2A
2023-09-15,tunis,Tunis,north,0.1447,0.1418,-0.0929,4.86,0.0,1.000,S2B_32SPF_20230915_0_L2A
2023-10-10,tunis,Tunis,north,0.1407,0.1133,-0.0773,4.93,0.0,1.000,S2A_32SNF_20231010_0_L2A
2023-11-14,tunis,Tunis,north,0.1714,0.1438,-0.0696,7.71,0.1,0.999,S2B_32SPF_20231114_0_L2A
2023-12-26,tunis,Tunis,north,0.2319,0.1792,-0.0048,18.37,0.0,1.000,S2A_32SNF_20231226_0_L2A
2024-01-25,tunis,Tunis,north,0.2594,0.2111,0.0149,25.46,0.1,0.999,S2A_32SNF_20240125_0_L2A
2024-02-04,tunis,Tunis,north,0.2830,0.2280,0.0440,30.59,0.1,0.999,S2A_32SPF_20240204_0_L2A
2024-03-30,tunis,Tunis,north,0.1994,0.1030,0.0477,18.36,7.6,0.924,S2B_32SNF_20240330_0_L2A
2024-04-04,tunis,Tunis,north,0.2336,0.1680,0.0046,22.76,0.1,0.999,S2A_32SNF_20240404_1_L2A
2024-05-12,tunis,Tunis,north,0.1783,0.1419,-0.0632,5.91,0.0,1.000,S2B_32SNF_20240512_0_L2A
2024-06-26,tunis,Tunis,north,0.1513,0.1142,-0.0721,4.20,3.2,0.968,S2A_32SNF_20240626_0_L2A
2024-07-31,tunis,Tunis,north,0.1458,0.1151,-0.0694,4.74,0.0,1.000,S2B_32SNF_20240731_0_L2A
2024-08-25,tunis,Tunis,north,0.1571,0.1344,-0.0667,5.91,0.0,1.000,S2A_32SNF_20240825_0_L2A
2024-09-01,tunis,Tunis,north,,,,,0.0,,S2A_32SNF_20240901_0_L2A
2024-10-01,tunis,Tunis,north,0.1719,0.1680,-0.0485,8.63,0.0,1.000,S2A_32SNF_20241001_0_L2A
2024-11-25,tunis,Tunis,north,0.2323,0.1793,-0.0151,17.70,0.0,1.000,S2B_32SNF_20241125_0_L2A
2024-12-10,tunis,Tunis,north,0.2591,0.1995,0.0172,25.15,0.1,0.999,S2A_32SNF_20241210_0_L2A
2025-01-24,tunis,Tunis,north,0.2773,0.2201,0.0409,30.68,0.1,0.999,S2B_32SNF_20250124_0_L2A
2025-02-16,tunis,Tunis,north,0.3204,0.2431,0.0796,36.98,1.3,0.987,S2B_32SPF_20250216_0_L2A
2025-03-15,tunis,Tunis,north,0.2452,0.1542,0.0691,30.04,0.2,0.998,S2B_32SNF_20250315_0_L2A
2025-04-19,tunis,Tunis,north,0.2571,0.2048,0.0157,27.64,0.1,0.999,S2C_32SNF_20250419_0_L2A
2025-05-31,tunis,Tunis,north,0.1951,0.1435,-0.0417,9.08,0.0,1.000,S2A_32SNF_20250531_0_L2A
2025-06-23,tunis,Tunis,north,0.1907,0.1426,-0.0460,9.13,0.0,1.000,S2B_32SPF_20250623_1_L2A
2025-07-23,tunis,Tunis,north,0.1504,0.1110,-0.0781,4.35,0.0,1.000,S2A_32SNF_20250723_0_L2A
2025-08-25,tunis,Tunis,north,0.1659,0.1374,-0.0764,6.09,0.0,1.000,S2B_32SNF_20250825_0_L2A
2025-09-01,tunis,Tunis,north,0.1676,0.1379,-0.0708,5.99,0.0,1.000,S2A_32SNF_20250901_0_L2A
2025-10-08,tunis,Tunis,north,0.1792,0.1484,-0.0619,7.84,10.3,0.897,S2A_32SNF_20251008_0_L2A
2025-11-30,tunis,Tunis,north,0.2220,0.1658,-0.0281,13.37,0.0,1.000,S2A_32SNF_20251130_1_L2A
2025-12-08,tunis,Tunis,north,0.2058,0.1683,-0.0549,11.12,5.7,0.943,S2C_32SNF_20251208_0_L2A
2026-01-09,tunis,Tunis,north,0.2858,0.2187,0.0183,27.92,0.0,1.000,S2A_32SNF_20260109_0_L2A
2026-02-26,tunis,Tunis,north,0.2916,0.2280,0.0313,31.65,0.0,1.000,S2C_32SNF_20260226_0_L2A
2026-03-18,tunis,Tunis,north,0.2977,0.2327,0.0529,34.21,17.8,0.822,S2C_32SNF_20260318_0_L2A
2026-04-07,tunis,Tunis,north,0.3007,0.2324,0.0505,34.26,0.0,1.000,S2C_32SNF_20260407_0_L2A
2026-05-29,tunis,Tunis,north,0.2013,0.1491,-0.0316,12.22,0.0,1.000,S2B_32SPF_20260529_0_L2A
2026-06-18,tunis,Tunis,north,0.1996,0.1517,-0.0147,11.52,0.0,1.000,S2B_32SNF_20260618_0_L2A
2026-07-25,tunis,Tunis,north,0.1554,0.1262,-0.0616,5.81,0.0,1.000,S2A_32SNF_20260725_0_L2A
2026-08-20,tunis,Tunis,north,0.1629,0.1370,-0.0729,6.25,0.0,1.000,S2B_32SNF_20260820_0_L2A
2022-01-05,ariana,Ariana,north,0.4358,0.2230,0.0724,55.30,3.0,0.710,S2A_32SPG_20220105_0_L2A
2022-02-09,ariana,Ariana,north,0.4402,0.2448,0.1388,61.34,0.0,0.991,S2B_32SPG_20220209_0_L2A
2022-03-24,ariana,Ariana,north,,,,,43.0,,S2B_32SPG_20220324_0_L2A
2022-04-08,ariana,Ariana,north,0.4663,0.2664,0.1328,58.83,0.0,1.000,S2A_32SNF_20220408_0_L2A
2022-05-15,ariana,Ariana,north,0.2570,0.1698,-0.0687,12.22,0.0,1.000,S2A_32SNF_20220515_0_L2A
2022-06-24,ariana,Ariana,north,0.1434,0.0650,-0.1467,0.41,0.0,0.999,S2A_32SPG_20220624_0_L2A
2022-07-04,ariana,Ariana,north,0.1415,0.0608,-0.1430,0.33,0.0,1.000,S2A_32SPG_20220704_0_L2A
2022-08-26,ariana,Ariana,north,0.1569,0.1002,-0.1390,2.27,0.0,1.000,S2A_32SNF_20220826_0_L2A
2022-09-10,ariana,Ariana,north,0.1322,0.0649,-0.1709,0.18,0.0,0.999,S2B_32SPG_20220910_0_L2A
2022-10-20,ariana,Ariana,north,0.1891,0.1128,-0.1238,4.74,0.0,1.000,S2B_32SNF_20221020_0_L2A
2022-11-14,ariana,Ariana,north,0.2197,0.1424,-0.1101,8.33,0.0,1.000,S2A_32SNF_20221114_0_L2A
2022-12-04,ariana,Ariana,north,0.3084,0.1787,-0.0072,28.47,0.0,1.000,S2A_32SNF_20221204_0_L2A
2023-01-08,ariana,Ariana,north,0.4161,0.2543,0.0614,45.44,0.0,1.000,S2B_32SNF_20230108_0_L2A
2023-02-19,ariana,Ariana,north,0.4418,0.2723,0.1254,52.70,0.0,1.000,S2A_32SNF_20230219_0_L2A
2023-03-24,ariana,Ariana,north,0.3904,0.2460,0.0560,42.20,0.0,1.000,S2A_32SNF_20230324_0_L2A
2023-04-08,ariana,Ariana,north,0.2829,0.1876,0.0048,25.05,0.0,1.000,S2B_32SPF_20230408_0_L2A
2023-05-10,ariana,Ariana,north,,,,,55.6,,S2A_32SNG_20230510_0_L2A
2023-06-29,ariana,Ariana,north,0.1572,0.0909,-0.1945,0.67,0.0,1.000,S2A_32SNG_20230629_0_L2A
2023-07-24,ariana,Ariana,north,0.1353,0.0562,-0.1403,0.32,0.0,1.000,S2B_32SPG_20230724_0_L2A
2023-08-16,ariana,Ariana,north,0.1521,0.0964,-0.1443,1.96,0.0,1.000,S2B_32SNF_20230816_0_L2A
2023-09-10,ariana,Ariana,north,0.1215,0.0628,-0.1788,0.55,0.0,1.000,S2A_32SNG_20230910_1_L2A
2023-10-12,ariana,Ariana,north,0.1317,0.0593,-0.1635,0.48,0.0,0.998,S2B_32SPG_20231012_0_L2A
2023-11-14,ariana,Ariana,north,0.1680,0.1294,-0.1123,5.57,0.0,1.000,S2B_32SPF_20231114_0_L2A
2023-12-26,ariana,Ariana,north,0.2904,0.1630,-0.0398,18.19,0.0,1.000,S2A_32SNF_20231226_0_L2A
2024-01-25,ariana,Ariana,north,0.4202,0.2567,0.0684,47.36,0.0,1.000,S2A_32SNF_20240125_0_L2A
2024-02-04,ariana,Ariana,north,0.3496,0.2462,0.0689,39.53,3.4,0.966,S2A_32SPF_20240204_0_L2A
2024-03-30,ariana,Ariana,north,0.3012,0.1263,0.0763,43.84,2.9,0.923,S2B_32SPG_20240330_0_L2A
2024-04-04,ariana,Ariana,north,0.3446,0.1903,0.0342,42.33,0.0,1.000,S2A_32SNF_20240404_1_L2A
2024-05-12,ariana,Ariana,north,0.1615,0.0714,-0.1484,1.11,0.0,0.999,S2B_32SPG_20240512_0_L2A
2024-06-28,ariana,Ariana,north,0.1225,0.0452,-0.1280,0.31,0.1,0.999,S2B_32SPG_20240628_0_L2A
2024-07-31,ariana,Ariana,north,0.1440,0.0871,-0.1331,1.73,0.0,1.000,S2B_32SNF_20240731_0_L2A
2024-08-25,ariana,Ariana,north,0.1461,0.0925,-0.1452,1.72,0.0,1.000,S2A_32SNF_20240825_0_L2A
2024-09-01,ariana,Ariana,north,,,,,0.0,,S2A_32SNG_20240901_0_L2A
2024-10-01,ariana,Ariana,north,0.1278,0.0615,-0.1796,0.47,0.0,0.997,S2A_32SPG_20241001_0_L2A
2024-11-25,ariana,Ariana,north,0.2827,0.1810,-0.0509,20.20,0.1,0.999,S2B_32SNF_20241125_0_L2A
2024-12-10,ariana,Ariana,north,0.3290,0.2058,0.0045,32.09,0.1,0.999,S2A_32SNF_20241210_0_L2A
2025-01-24,ariana,Ariana,north,0.4546,0.2622,0.1314,58.11,0.0,1.000,S2B_32SNF_20250124_0_L2A
2025-02-16,ariana,Ariana,north,0.4158,0.2706,0.1685,52.89,0.5,0.995,S2B_32SPF_20250216_0_L2A
2025-03-20,ariana,Ariana,north,0.5915,0.2576,0.2664,79.68,0.2,0.998,S2C_32SNG_20250320_0_L2A
2025-04-29,ariana,Ariana,north,0.3098,0.1353,-0.0012,32.68,0.0,0.993,S2C_32SPG_20250429_0_L2A
2025-05-19,ariana,Ariana,north,0.2031,0.0899,-0.1233,3.15,0.0,0.997,S2C_32SPG_20250519_0_L2A
2025-06-13,ariana,Ariana,north,0.1714,0.0707,-0.1459,0.89,0.0,0.998,S2B_32SPG_20250613_1_L2A
2025-07-20,ariana,Ariana,north,0.1330,0.0659,-0.1623,0.30,0.0,1.000,S2A_32SPG_20250720_0_L2A
2025-08-25,ariana,Ariana,north,0.1722,0.1111,-0.1268,2.80,0.0,1.000,S2B_32SNF_20250825_0_L2A
2025-09-01,ariana,Ariana,north,0.1744,0.1122,-0.1258,2.62,0.0,1.000,S2A_32SNF_20250901_0_L2A
2025-10-08,ariana,Ariana,north,0.2024,0.1322,-0.1211,5.50,9.6,0.904,S2A_32SNF_20251008_0_L2A
2025-11-30,ariana,Ariana,north,0.2657,0.1675,-0.0498,17.18,0.0,1.000,S2A_32SNF_20251130_1_L2A
2025-12-08,ariana,Ariana,north,0.2514,0.1673,-0.0846,13.77,8.8,0.912,S2C_32SNF_20251208_0_L2A
2026-01-09,ariana,Ariana,north,0.4452,0.2430,0.0778,52.40,0.0,1.000,S2A_32SNF_20260109_0_L2A
2026-02-26,ariana,Ariana,north,0.4802,0.2615,0.1477,63.21,0.0,1.000,S2C_32SNF_20260226_0_L2A
2026-03-08,ariana,Ariana,north,0.5615,0.2489,0.2299,79.43,11.4,0.886,S2C_32SNG_20260308_0_L2A
2026-04-07,ariana,Ariana,north,0.6169,0.2631,0.3164,82.29,0.0,1.000,S2C_32SNG_20260407_0_L2A
2026-05-24,ariana,Ariana,north,0.2124,0.0943,-0.0744,4.70,0.0,0.995,S2C_32SPG_20260524_0_L2A
2026-06-18,ariana,Ariana,north,0.2106,0.1070,-0.0691,6.34,0.0,1.000,S2B_32SNF_20260618_0_L2A
2026-07-25,ariana,Ariana,north,0.1663,0.1058,-0.0964,2.94,0.0,1.000,S2A_32SNF_20260725_0_L2A
2026-08-20,ariana,Ariana,north,0.1714,0.1087,-0.1139,3.08,0.0,1.000,S2B_32SNF_20260820_0_L2A
2022-01-30,ben-arous,Ben Arous,north,0.5264,0.2410,0.1413,68.26,0.9,0.991,S2B_32SPF_20220130_1_L2A
2022-02-09,ben-arous,Ben Arous,north,0.5176,0.2443,0.1362,67.14,0.0,1.000,S2B_32SPF_20220209_0_L2A
2022-03-29,ben-arous,Ben Arous,north,0.4664,0.2232,0.1156,68.86,13.4,0.866,S2A_32SPF_20220329_0_L2A
2022-04-08,ben-arous,Ben Arous,north,0.4580,0.2206,0.0887,60.16,0.0,1.000,S2A_32SNF_20220408_0_L2A
2022-05-15,ben-arous,Ben Arous,north,0.2261,0.1458,-0.1131,5.71,0.0,1.000,S2A_32SNF_20220515_0_L2A
2022-06-24,ben-arous,Ben Arous,north,0.1715,0.1103,-0.1228,4.49,0.0,1.000,S2A_32SNF_20220624_0_L2A
2022-07-17,ben-arous,Ben Arous,north,0.1737,0.1267,-0.1293,4.86,0.0,1.000,S2A_32SNF_20220717_0_L2A
2022-08-26,ben-arous,Ben Arous,north,0.1677,0.1223,-0.1455,4.36,0.0,1.000,S2A_32SNF_20220826_0_L2A
2022-09-10,ben-arous,Ben Arous,north,0.2383,0.1890,-0.1301,10.93,0.0,1.000,S2B_32SPF_20220910_0_L2A
2022-10-20,ben-arous,Ben Arous,north,0.2234,0.1441,-0.1212,7.74,0.0,1.000,S2B_32SNF_20221020_0_L2A
2022-11-14,ben-arous,Ben Arous,north,0.2433,0.1556,-0.1135,9.78,0.0,1.000,S2A_32SNF_20221114_0_L2A
2022-12-04,ben-arous,Ben Arous,north,0.3065,0.1729,-0.0391,24.86,0.0,1.000,S2A_32SNF_20221204_0_L2A
2023-01-08,ben-arous,Ben Arous,north,0.3022,0.1793,-0.0671,17.89,0.0,1.000,S2B_32SNF_20230108_0_L2A
2023-02-19,ben-arous,Ben Arous,north,0.2940,0.1735,-0.0561,19.28,0.0,1.000,S2A_32SNF_20230219_0_L2A
2023-03-24,ben-arous,Ben Arous,north,0.2698,0.1512,-0.0744,12.32,0.0,1.000,S2A_32SNF_20230324_0_L2A
2023-04-08,ben-arous,Ben Arous,north,0.3191,0.1792,-0.0433,23.24,0.0,1.000,S2B_32SPF_20230408_0_L2A
2023-05-28,ben-arous,Ben Arous,north,0.2007,0.1333,-0.1342,5.15,4.2,0.958,S2B_32SNF_20230528_0_L2A
2023-06-22,ben-arous,Ben Arous,north,0.2241,0.1263,-0.0871,8.09,0.6,0.994,S2A_32SNF_20230622_1_L2A
2023-07-14,ben-arous,Ben Arous,north,0.1616,0.1019,-0.1282,4.22,0.0,1.000,S2B_32SNF_20230714_0_L2A
2023-08-16,ben-arous,Ben Arous,north,0.1350,0.1014,-0.1124,2.80,0.0,0.343,S2B_32SNF_20230816_0_L2A
2023-09-15,ben-arous,Ben Arous,north,0.2085,0.1714,-0.1284,9.77,0.0,1.000,S2B_32SPF_20230915_0_L2A
2023-10-10,ben-arous,Ben Arous,north,0.1594,0.1179,-0.1491,4.27,0.0,1.000,S2A_32SNF_20231010_0_L2A
2023-11-14,ben-arous,Ben Arous,north,0.2373,0.1741,-0.1102,13.26,0.0,1.000,S2B_32SPF_20231114_0_L2A
2023-12-26,ben-arous,Ben Arous,north,0.3073,0.1898,-0.0334,23.77,0.0,1.000,S2A_32SNF_20231226_0_L2A
2024-01-25,ben-arous,Ben Arous,north,0.4409,0.2549,0.0677,49.70,0.0,1.000,S2A_32SNF_20240125_0_L2A
2024-02-04,ben-arous,Ben Arous,north,0.5012,0.2618,0.1253,61.23,0.0,1.000,S2A_32SPF_20240204_0_L2A
2024-03-30,ben-arous,Ben Arous,north,0.4080,0.1640,0.1611,71.64,2.2,0.978,S2B_32SNF_20240330_0_L2A
2024-04-04,ben-arous,Ben Arous,north,0.4480,0.2236,0.1116,61.21,0.0,1.000,S2A_32SNF_20240404_1_L2A
2024-05-12,ben-arous,Ben Arous,north,0.2512,0.1506,-0.0984,8.62,0.0,1.000,S2B_32SNF_20240512_0_L2A
2024-06-26,ben-arous,Ben Arous,north,0.1843,0.1187,-0.1240,5.03,0.0,1.000,S2A_32SNF_20240626_0_L2A
2024-07-31,ben-arous,Ben Arous,north,0.1660,0.1129,-0.1296,4.53,0.0,1.000,S2B_32SNF_20240731_0_L2A
2024-08-25,ben-arous,Ben Arous,north,0.1780,0.1256,-0.1424,4.92,0.0,1.000,S2A_32SNF_20240825_0_L2A
2024-09-01,ben-arous,Ben Arous,north,,,,,0.0,,S2A_32SNF_20240901_0_L2A
2024-10-01,ben-arous,Ben Arous,north,0.1903,0.1481,-0.1373,6.24,0.0,1.000,S2A_32SNF_20241001_0_L2A
2024-11-25,ben-arous,Ben Arous,north,0.3148,0.2055,-0.0561,23.74,0.0,1.000,S2B_32SNF_20241125_0_L2A
2024-12-10,ben-arous,Ben Arous,north,0.3543,0.2172,-0.0117,33.02,0.0,1.000,S2A_32SNF_20241210_0_L2A
2025-01-24,ben-arous,Ben Arous,north,0.4812,0.2355,0.1156,63.50,0.0,1.000,S2B_32SNF_20250124_0_L2A
2025-02-16,ben-arous,Ben Arous,north,0.5829,0.2577,0.2094,76.34,5.1,0.949,S2B_32SPF_20250216_0_L2A
2025-03-15,ben-arous,Ben Arous,north,0.5058,0.2023,0.2214,79.83,0.0,1.000,S2B_32SNF_20250315_0_L2A
2025-04-19,ben-arous,Ben Arous,north,0.4441,0.2213,0.0806,58.84,0.0,1.000,S2C_32SNF_20250419_0_L2A
2025-05-31,ben-arous,Ben Arous,north,0.2369,0.1316,-0.1001,7.60,0.0,1.000,S2A_32SNF_20250531_0_L2A
2025-06-23,ben-arous,Ben Arous,north,0.2620,0.1572,-0.0966,14.73,0.0,1.000,S2B_32SPF_20250623_1_L2A
2025-07-23,ben-arous,Ben Arous,north,0.1766,0.1092,-0.1315,4.45,0.0,1.000,S2A_32SNF_20250723_0_L2A
2025-08-25,ben-arous,Ben Arous,north,0.1933,0.1347,-0.1296,5.47,0.0,1.000,S2B_32SNF_20250825_0_L2A
2025-09-01,ben-arous,Ben Arous,north,0.1961,0.1392,-0.1249,5.39,0.0,1.000,S2A_32SNF_20250901_0_L2A
2025-10-08,ben-arous,Ben Arous,north,0.2140,0.1554,-0.1341,6.67,0.0,1.000,S2A_32SNF_20251008_0_L2A
2025-11-30,ben-arous,Ben Arous,north,0.2634,0.1724,-0.1021,12.47,0.0,1.000,S2A_32SNF_20251130_1_L2A
2025-12-08,ben-arous,Ben Arous,north,0.2392,0.1709,-0.1279,9.74,6.5,0.935,S2C_32SNF_20251208_0_L2A
2026-01-09,ben-arous,Ben Arous,north,0.3900,0.2164,0.0018,35.32,0.0,1.000,S2A_32SNF_20260109_0_L2A
2026-02-26,ben-arous,Ben Arous,north,0.5293,0.2580,0.1483,67.68,0.0,1.000,S2C_32SNF_20260226_0_L2A
2026-03-18,ben-arous,Ben Arous,north,0.5819,0.2625,0.2179,76.39,2.5,0.975,S2C_32SNF_20260318_0_L2A
2026-04-07,ben-arous,Ben Arous,north,0.5710,0.2712,0.2149,73.64,0.0,1.000,S2C_32SNF_20260407_0_L2A
2026-05-29,ben-arous,Ben Arous,north,0.3016,0.1612,-0.0350,23.52,0.0,1.000,S2B_32SPF_20260529_0_L2A
2026-06-18,ben-arous,Ben Arous,north,0.2321,0.1295,-0.0765,8.13,0.0,1.000,S2B_32SNF_20260618_0_L2A
2026-07-25,ben-arous,Ben Arous,north,0.1855,0.1241,-0.0957,5.13,0.0,1.000,S2A_32SNF_20260725_0_L2A
2026-08-20,ben-arous,Ben Arous,north,0.2002,0.1469,-0.1259,6.06,0.0,1.000,S2B_32SNF_20260820_0_L2A
2022-01-30,manouba,Manouba,north,0.6104,0.2159,0.2059,82.57,0.0,1.000,S2B_32SNF_20220130_1_L2A
2022-02-09,manouba,Manouba,north,0.6007,0.2387,0.2125,80.16,0.0,1.000,S2B_32SNF_20220209_0_L2A
2022-03-24,manouba,Manouba,north,0.6236,0.2314,0.2350,82.45,34.2,0.658,S2B_32SNF_20220324_0_L2A
2022-04-08,manouba,Manouba,north,0.5302,0.2228,0.1455,71.41,0.0,1.000,S2A_32SNF_20220408_0_L2A
2022-05-15,manouba,Manouba,north,0.2400,0.1391,-0.1135,7.68,0.0,1.000,S2A_32SNF_20220515_0_L2A
2022-06-24,manouba,Manouba,north,0.1742,0.1015,-0.1301,4.51,0.0,1.000,S2A_32SNF_20220624_0_L2A
2022-07-17,manouba,Manouba,north,0.1767,0.1168,-0.1315,5.02,0.0,1.000,S2A_32SNF_20220717_0_L2A
2022-08-26,manouba,Manouba,north,0.1676,0.1100,-0.1545,3.79,0.0,1.000,S2A_32SNF_20220826_0_L2A
2022-09-10,manouba,Manouba,north,0.1657,0.1091,-0.1632,3.61,0.0,1.000,S2B_32SNF_20220910_0_L2A
2022-10-20,manouba,Manouba,north,0.2241,0.1279,-0.1304,7.70,0.0,1.000,S2B_32SNF_20221020_0_L2A
2022-11-14,manouba,Manouba,north,0.2518,0.1518,-0.1282,10.64,0.0,1.000,S2A_32SNF_20221114_0_L2A
2022-12-04,manouba,Manouba,north,0.3621,0.1871,-0.0131,36.35,0.0,1.000,S2A_32SNF_20221204_0_L2A
2023-01-08,manouba,Manouba,north,0.4497,0.2023,0.0467,52.40,0.0,1.000,S2B_32SNF_20230108_0_L2A
2023-02-19,manouba,Manouba,north,0.4568,0.2142,0.0682,56.30,0.0,1.000,S2A_32SNF_20230219_0_L2A
2023-03-24,manouba,Manouba,north,0.3550,0.1690,-0.0203,30.68,0.0,1.000,S2A_32SNF_20230324_0_L2A
2023-04-08,manouba,Manouba,north,0.3122,0.1497,-0.0426,22.26,0.0,1.000,S2B_32SNF_20230408_0_L2A
2023-05-28,manouba,Manouba,north,0.2024,0.1103,-0.1448,4.47,1.5,0.985,S2B_32SNF_20230528_0_L2A
2023-06-22,manouba,Manouba,north,0.2453,0.1293,-0.0917,10.80,0.0,1.000,S2A_32SNF_20230622_1_L2A
2023-07-14,manouba,Manouba,north,0.1707,0.0887,-0.1312,3.67,0.0,1.000,S2B_32SNF_20230714_0_L2A
2023-08-16,manouba,Manouba,north,0.1951,0.1343,-0.1183,8.27,0.0,0.860,S2B_32SNF_20230816_0_L2A
2023-09-10,manouba,Manouba,north,0.1583,0.0982,-0.1573,3.30,0.0,1.000,S2A_32SNF_20230910_1_L2A
2023-10-10,manouba,Manouba,north,0.1576,0.0972,-0.1673,2.70,0.0,1.000,S2A_32SNF_20231010_0_L2A
2023-11-14,manouba,Manouba,north,0.1842,0.1195,-0.1510,5.29,1.6,0.984,S2B_32SNF_20231114_0_L2A
2023-12-26,manouba,Manouba,north,0.2896,0.1581,-0.0646,16.84,0.0,1.000,S2A_32SNF_20231226_0_L2A
2024-01-25,manouba,Manouba,north,0.4946,0.2453,0.0991,61.24,0.0,1.000,S2A_32SNF_20240125_0_L2A
2024-02-04,manouba,Manouba,north,0.5709,0.2581,0.1823,72.53,0.0,1.000,S2A_32SNF_20240204_0_L2A
2024-03-30,manouba,Manouba,north,0.4795,0.1411,0.2211,87.70,0.1,0.999,S2B_32SNF_20240330_0_L2A
2024-04-04,manouba,Manouba,north,0.5120,0.2126,0.1555,73.50,0.0,1.000,S2A_32SNF_20240404_1_L2A
2024-05-12,manouba,Manouba,north,0.2422,0.1163,-0.1034,7.49,0.0,1.000,S2B_32SNF_20240512_0_L2A
2024-06-26,manouba,Manouba,north,0.1778,0.1010,-0.1284,3.98,0.0,1.000,S2A_32SNF_20240626_0_L2A
2024-07-31,manouba,Manouba,north,0.1580,0.0881,-0.1288,3.16,0.0,1.000,S2B_32SNF_20240731_0_L2A
2024-08-25,manouba,Manouba,north,0.1668,0.0972,-0.1461,3.04,0.0,1.000,S2A_32SNF_20240825_0_L2A
2024-09-01,manouba,Manouba,north,,,,,0.0,,S2A_32SNF_20240901_0_L2A
2024-10-01,manouba,Manouba,north,0.1582,0.1030,-0.1748,2.28,0.0,1.000,S2A_32SNF_20241001_0_L2A
2024-11-25,manouba,Manouba,north,0.3343,0.2022,-0.0513,27.38,0.0,1.000,S2B_32SNF_20241125_0_L2A
2024-12-10,manouba,Manouba,north,0.3875,0.2209,0.0083,40.81,0.0,1.000,S2A_32SNF_20241210_0_L2A
2025-01-24,manouba,Manouba,north,0.5604,0.2254,0.1874,77.62,0.0,1.000,S2B_32SNF_20250124_0_L2A
2025-02-18,manouba,Manouba,north,0.6739,0.2451,0.2944,86.22,0.1,0.999,S2C_32SNF_20250218_0_L2A
2025-03-15,manouba,Manouba,north,0.5923,0.1742,0.2950,90.86,0.0,1.000,S2B_32SNF_20250315_0_L2A
2025-04-19,manouba,Manouba,north,0.4781,0.2041,0.1003,67.28,3.5,0.965,S2C_32SNF_20250419_0_L2A
2025-05-31,manouba,Manouba,north,0.2243,0.1019,-0.1321,4.69,0.0,1.000,S2A_32SNF_20250531_0_L2A
2025-06-13,manouba,Manouba,north,0.2121,0.0921,-0.1391,3.70,0.0,1.000,S2B_32SNF_20250613_1_L2A
2025-07-23,manouba,Manouba,north,0.1681,0.0864,-0.1442,2.65,0.0,1.000,S2A_32SNF_20250723_0_L2A
2025-08-25,manouba,Manouba,north,0.1774,0.1020,-0.1371,3.56,0.0,1.000,S2B_32SNF_20250825_0_L2A
2025-09-01,manouba,Manouba,north,0.1787,0.1029,-0.1425,3.03,0.0,1.000,S2A_32SNF_20250901_0_L2A
2025-10-08,manouba,Manouba,north,0.1963,0.1208,-0.1567,4.16,0.0,1.000,S2A_32SNF_20251008_0_L2A
2025-11-30,manouba,Manouba,north,0.2629,0.1608,-0.1130,14.15,0.0,1.000,S2A_32SNF_20251130_1_L2A
2025-12-08,manouba,Manouba,north,0.2579,0.1715,-0.1301,13.00,3.7,0.963,S2C_32SNF_20251208_0_L2A
2026-01-09,manouba,Manouba,north,0.4612,0.2247,0.0486,48.88,0.0,1.000,S2A_32SNF_20260109_0_L2A
2026-02-26,manouba,Manouba,north,0.6191,0.2413,0.2282,82.41,0.0,1.000,S2C_32SNF_20260226_0_L2A
2026-03-18,manouba,Manouba,north,0.6591,0.2364,0.2777,86.04,8.6,0.914,S2C_32SNF_20260318_0_L2A
2026-04-07,manouba,Manouba,north,0.6356,0.2481,0.2682,83.22,0.0,1.000,S2C_32SNF_20260407_0_L2A
2026-05-19,manouba,Manouba,north,0.2821,0.1065,-0.0641,12.04,0.1,0.826,S2A_32SNF_20260519_2_L2A
2026-06-18,manouba,Manouba,north,0.2142,0.0961,-0.0906,5.52,0.0,1.000,S2B_32SNF_20260618_0_L2A
2026-07-25,manouba,Manouba,north,0.1686,0.1027,-0.0986,3.63,0.0,1.000,S2A_32SNF_20260725_0_L2A
2026-08-20,manouba,Manouba,north,0.1829,0.1116,-0.1397,3.98,0.0,1.000,S2B_32SNF_20260820_0_L2A
2022-01-30,nabeul,Nabeul,cap-bon,0.5199,0.2328,0.1189,63.53,0.0,1.000,S2B_32SPF_20220130_1_L2A
2022-02-09,nabeul,Nabeul,cap-bon,0.5558,0.2306,0.1445,69.53,0.2,0.998,S2B_32SPF_20220209_0_L2A
2022-03-01,nabeul,Nabeul,cap-bon,0.5685,0.2326,0.1970,76.60,28.4,0.716,S2B_32SPF_20220301_0_L2A
2022-04-25,nabeul,Nabeul,cap-bon,0.4446,0.1833,0.0809,63.90,6.8,0.932,S2A_32SPF_20220425_0_L2A
2022-05-20,nabeul,Nabeul,cap-bon,0.3583,0.1708,-0.0285,29.79,5.9,0.941,S2B_32SPF_20220520_0_L2A
2022-06-14,nabeul,Nabeul,cap-bon,0.3013,0.1729,-0.0819,18.80,0.0,1.000,S2A_32SPF_20220614_0_L2A
2022-07-19,nabeul,Nabeul,cap-bon,0.2898,0.1719,-0.0813,18.42,0.0,1.000,S2B_32SPF_20220719_0_L2A
2022-08-13,nabeul,Nabeul,cap-bon,0.2808,0.1770,-0.1168,14.60,0.0,1.000,S2A_32SPF_20220813_0_L2A
2022-09-12,nabeul,Nabeul,cap-bon,0.2743,0.1856,-0.1324,13.49,0.1,0.999,S2A_32SPF_20220912_0_L2A
2022-10-22,nabeul,Nabeul,cap-bon,0.3608,0.2114,-0.0672,24.23,0.0,1.000,S2A_32SPF_20221022_0_L2A
2022-11-21,nabeul,Nabeul,cap-bon,0.4006,0.2302,-0.0272,32.70,0.6,0.994,S2A_32SPF_20221121_0_L2A
2022-12-21,nabeul,Nabeul,cap-bon,0.4579,0.2318,0.0240,44.00,0.0,1.000,S2A_32SPF_20221221_0_L2A
2023-01-15,nabeul,Nabeul,cap-bon,0.4528,0.2244,0.0358,44.22,0.3,0.997,S2B_32SPF_20230115_0_L2A
2023-02-19,nabeul,Nabeul,cap-bon,0.4470,0.2191,0.0418,47.02,0.1,0.999,S2A_32SPF_20230219_0_L2A
2023-03-26,nabeul,Nabeul,cap-bon,0.4536,0.2025,0.0386,50.35,0.1,0.999,S2B_32SPF_20230326_0_L2A
2023-04-10,nabeul,Nabeul,cap-bon,0.4384,0.1904,0.0442,51.62,0.1,0.999,S2A_32SPF_20230410_0_L2A
2023-06-29,nabeul,Nabeul,cap-bon,0.3317,0.1846,-0.0921,20.06,0.2,0.998,S2A_32SPF_20230629_0_L2A
2023-07-24,nabeul,Nabeul,cap-bon,0.2850,0.1592,-0.0838,18.25,0.1,0.999,S2B_32SPF_20230724_0_L2A
2023-08-18,nabeul,Nabeul,cap-bon,0.2690,0.1638,-0.1046,15.87,0.0,1.000,S2A_32SPF_20230818_0_L2A
2023-09-17,nabeul,Nabeul,cap-bon,0.2306,0.1226,-0.1043,13.06,0.1,0.999,S2A_32SPF_20230917_0_L2A
2023-10-12,nabeul,Nabeul,cap-bon,0.2803,0.1757,-0.1118,15.50,0.0,1.000,S2B_32SPF_20231012_0_L2A
2023-11-16,nabeul,Nabeul,cap-bon,0.2957,0.2016,-0.1088,17.42,6.4,0.936,S2A_32SPF_20231116_0_L2A
2023-12-26,nabeul,Nabeul,cap-bon,0.4210,0.2213,0.0209,41.34,0.0,1.000,S2A_32SPF_20231226_0_L2A
2024-01-25,nabeul,Nabeul,cap-bon,0.5000,0.2330,0.0658,54.39,1.2,0.988,S2A_32SPF_20240125_0_L2A
2024-02-04,nabeul,Nabeul,cap-bon,0.5158,0.2330,0.0800,57.70,0.0,1.000,S2A_32SPF_20240204_0_L2A
2024-03-30,nabeul,Nabeul,cap-bon,0.4137,0.1300,0.1260,77.26,0.8,0.992,S2B_32SPF_20240330_0_L2A
2024-04-04,nabeul,Nabeul,cap-bon,0.4688,0.2069,0.0652,56.11,0.0,1.000,S2A_32SPF_20240404_1_L2A
2024-05-19,nabeul,Nabeul,cap-bon,0.4042,0.2051,0.0232,43.77,0.1,0.999,S2B_32SPF_20240519_0_L2A
2024-06-28,nabeul,Nabeul,cap-bon,0.2671,0.1371,-0.0704,17.13,0.1,0.999,S2B_32SPF_20240628_0_L2A
2024-07-13,nabeul,Nabeul,cap-bon,0.2562,0.1554,-0.1212,11.94,0.0,1.000,S2A_32SPF_20240713_0_L2A
2024-08-12,nabeul,Nabeul,cap-bon,0.2513,0.1524,-0.1261,11.38,0.1,0.999,S2A_32SPF_20240812_0_L2A
2024-09-01,nabeul,Nabeul,cap-bon,,,,,0.0,,S2A_32SPF_20240901_0_L2A
2024-10-01,nabeul,Nabeul,cap-bon,0.3364,0.2095,-0.0870,21.26,0.1,0.999,S2A_32SPF_20241001_0_L2A
2024-11-20,nabeul,Nabeul,cap-bon,0.4895,0.2320,0.0400,52.52,0.1,0.999,S2A_32SPF_20241120_0_L2A
2024-12-10,nabeul,Nabeul,cap-bon,0.5446,0.2431,0.1316,67.18,0.1,0.999,S2A_32SPF_20241210_0_L2A
2025-01-24,nabeul,Nabeul,cap-bon,0.5757,0.2277,0.1738,76.24,0.0,1.000,S2B_32SPF_20250124_0_L2A
2025-02-18,nabeul,Nabeul,cap-bon,0.4602,0.1964,0.1480,73.10,23.7,0.113,S2C_32SPF_20250218_1_L2A
2025-03-15,nabeul,Nabeul,cap-bon,0.4709,0.1475,0.1753,83.80,16.4,0.836,S2B_32SPF_20250315_0_L2A
2025-04-24,nabeul,Nabeul,cap-bon,0.4477,0.1707,0.0668,62.59,33.5,0.665,S2B_32SPF_20250424_0_L2A
2025-05-31,nabeul,Nabeul,cap-bon,0.3656,0.1753,-0.0429,27.93,0.1,0.999,S2A_32SPF_20250531_0_L2A
2025-06-23,nabeul,Nabeul,cap-bon,0.3466,0.1716,-0.0626,23.83,0.0,1.000,S2B_32SPF_20250623_1_L2A
2025-07-20,nabeul,Nabeul,cap-bon,0.3040,0.1685,-0.0875,17.57,0.1,0.999,S2A_32SPF_20250720_0_L2A
2025-08-07,nabeul,Nabeul,cap-bon,0.3014,0.1641,-0.0827,18.69,0.0,1.000,S2C_32SPF_20250807_1_L2A
2025-09-01,nabeul,Nabeul,cap-bon,0.3013,0.1719,-0.0866,17.96,0.1,0.999,S2B_32SPF_20250901_1_L2A
2025-10-08,nabeul,Nabeul,cap-bon,0.3475,0.2026,-0.0802,21.88,2.5,0.975,S2A_32SPF_20251008_0_L2A
2025-11-20,nabeul,Nabeul,cap-bon,0.3924,0.2208,-0.0427,30.01,0.1,0.999,S2B_32SPF_20251120_1_L2A
2025-12-30,nabeul,Nabeul,cap-bon,0.4792,0.2214,0.0888,58.14,24.8,0.752,S2B_32SPF_20251230_1_L2A
2026-01-09,nabeul,Nabeul,cap-bon,0.5215,0.2305,0.0923,59.65,0.1,0.999,S2B_32SPF_20260109_1_L2A
2026-02-18,nabeul,Nabeul,cap-bon,0.5598,0.2284,0.1558,74.96,0.4,0.996,S2B_32SPF_20260218_0_L2A
2026-03-25,nabeul,Nabeul,cap-bon,0.5488,0.2257,0.1737,76.57,14.3,0.857,S2C_32SPF_20260325_1_L2A
2026-04-06,nabeul,Nabeul,cap-bon,0.5572,0.2339,0.1661,75.76,0.1,0.999,S2A_32SPF_20260406_0_L2A
2026-05-29,nabeul,Nabeul,cap-bon,0.3649,0.1658,-0.0189,32.40,0.0,1.000,S2B_32SPF_20260529_0_L2A
2026-06-05,nabeul,Nabeul,cap-bon,0.3506,0.1763,-0.0394,26.60,0.0,1.000,S2A_32SPF_20260605_0_L2A
2026-07-08,nabeul,Nabeul,cap-bon,0.3251,0.1703,-0.0632,22.43,0.0,1.000,S2B_32SPF_20260708_0_L2A
2026-08-02,nabeul,Nabeul,cap-bon,0.2981,0.1606,-0.0848,17.77,0.0,1.000,S2C_32SPF_20260802_0_L2A
2022-01-30,zaghouan,Zaghouan,north,0.4608,0.1779,0.0460,53.75,0.6,0.994,S2B_32SPF_20220130_1_L2A
2022-02-09,zaghouan,Zaghouan,north,0.4650,0.1769,0.0511,55.88,0.3,0.997,S2B_32SPF_20220209_0_L2A
2022-03-29,zaghouan,Zaghouan,north,0.4856,0.1825,0.0899,68.47,9.9,0.901,S2A_32SPF_20220329_0_L2A
2022-04-08,zaghouan,Zaghouan,north,0.4908,0.1838,0.0812,64.80,0.0,1.000,S2A_32SNF_20220408_0_L2A
2022-05-15,zaghouan,Zaghouan,north,0.3128,0.1639,-0.0712,19.06,0.0,1.000,S2A_32SNF_20220515_0_L2A
2022-06-24,zaghouan,Zaghouan,north,0.2018,0.1147,-0.1198,6.65,0.0,1.000,S2A_32SNF_20220624_0_L2A
2022-07-17,zaghouan,Zaghouan,north,0.2114,0.1352,-0.1228,7.62,0.0,1.000,S2A_32SNF_20220717_0_L2A
2022-08-26,zaghouan,Zaghouan,north,0.2023,0.1292,-0.1446,6.74,0.0,1.000,S2A_32SNF_20220826_0_L2A
2022-09-10,zaghouan,Zaghouan,north,0.2129,0.1438,-0.1608,5.03,0.0,1.000,S2B_32SPF_20220910_0_L2A
2022-10-20,zaghouan,Zaghouan,north,0.2296,0.1434,-0.1420,9.58,0.0,1.000,S2B_32SNF_20221020_0_L2A
2022-11-14,zaghouan,Zaghouan,north,0.2383,0.1529,-0.1397,10.88,0.0,1.000,S2A_32SNF_20221114_0_L2A
2022-12-04,zaghouan,Zaghouan,north,0.2758,0.1568,-0.0916,16.26,0.0,1.000,S2A_32SNF_20221204_0_L2A
2023-01-08,zaghouan,Zaghouan,north,0.2954,0.1636,-0.1030,14.58,0.0,1.000,S2B_32SNF_20230108_0_L2A
2023-02-22,zaghouan,Zaghouan,north,0.2510,0.1427,-0.1261,7.21,0.0,1.000,S2A_32SPF_20230222_0_L2A
2023-03-24,zaghouan,Zaghouan,north,0.2719,0.1420,-0.0987,10.88,0.0,1.000,S2A_32SNF_20230324_0_L2A
2023-04-08,zaghouan,Zaghouan,north,0.2815,0.1377,-0.0959,11.01,0.0,1.000,S2B_32SPF_20230408_0_L2A
2023-05-28,zaghouan,Zaghouan,north,0.2115,0.1211,-0.1448,5.64,27.6,0.724,S2B_32SNF_20230528_0_L2A
2023-06-22,zaghouan,Zaghouan,north,0.2397,0.1128,-0.0996,8.35,0.1,0.999,S2A_32SNF_20230622_1_L2A
2023-07-14,zaghouan,Zaghouan,north,0.1962,0.1135,-0.1352,5.23,0.0,1.000,S2B_32SNF_20230714_0_L2A
2023-08-26,zaghouan,Zaghouan,north,0.1869,0.1228,-0.1632,4.42,0.0,1.000,S2B_32SPF_20230826_0_L2A
2023-09-15,zaghouan,Zaghouan,north,0.1900,0.1384,-0.1750,3.72,0.0,1.000,S2B_32SPF_20230915_0_L2A
2023-10-10,zaghouan,Zaghouan,north,0.1851,0.1224,-0.1594,5.59,0.0,1.000,S2A_32SNF_20231010_0_L2A
2023-11-14,zaghouan,Zaghouan,north,0.2164,0.1430,-0.1541,7.86,0.0,1.000,S2B_32SPF_20231114_0_L2A
2023-12-26,zaghouan,Zaghouan,north,0.2935,0.1646,-0.0822,16.42,0.0,1.000,S2A_32SNF_20231226_0_L2A
2024-01-25,zaghouan,Zaghouan,north,0.3991,0.1959,-0.0047,37.81,0.0,1.000,S2A_32SNF_20240125_0_L2A
2024-02-04,zaghouan,Zaghouan,north,0.4308,0.2055,0.0235,44.28,0.0,1.000,S2A_32SPF_20240204_0_L2A
2024-03-30,zaghouan,Zaghouan,north,0.4159,0.1259,0.1076,75.44,0.0,1.000,S2B_32SNF_20240330_0_L2A
2024-04-04,zaghouan,Zaghouan,north,0.4250,0.1603,0.0479,56.73,0.0,1.000,S2A_32SNF_20240404_1_L2A
2024-05-12,zaghouan,Zaghouan,north,0.3113,0.1462,-0.0856,16.32,0.0,1.000,S2B_32SNF_20240512_0_L2A
2024-06-26,zaghouan,Zaghouan,north,0.2138,0.1227,-0.1374,6.69,0.0,1.000,S2A_32SNF_20240626_0_L2A
2024-07-31,zaghouan,Zaghouan,north,0.1936,0.1134,-0.1413,5.24,0.0,1.000,S2B_32SNF_20240731_0_L2A
2024-08-25,zaghouan,Zaghouan,north,0.1644,0.1170,-0.1748,4.14,0.0,0.006,S2A_32SNF_20240825_0_L2A
2024-09-01,zaghouan,Zaghouan,north,,,,,0.0,,S2A_32SNF_20240901_0_L2A
2024-10-01,zaghouan,Zaghouan,north,0.2133,0.1385,-0.1588,6.83,0.0,1.000,S2A_32SNF_20241001_0_L2A
2024-11-25,zaghouan,Zaghouan,north,0.4494,0.2029,0.0304,51.17,0.0,1.000,S2B_32SNF_20241125_0_L2A
2024-12-10,zaghouan,Zaghouan,north,0.5051,0.2121,0.0907,64.21,0.0,1.000,S2A_32SNF_20241210_0_L2A
2025-01-24,zaghouan,Zaghouan,north,0.5681,0.1944,0.1649,79.03,0.0,1.000,S2B_32SNF_20250124_0_L2A
2025-02-16,zaghouan,Zaghouan,north,0.6312,0.1998,0.2188,86.84,0.5,0.995,S2B_32SPF_20250216_0_L2A
2025-03-15,zaghouan,Zaghouan,north,0.5307,0.1402,0.2154,92.46,1.1,0.989,S2B_32SNF_20250315_0_L2A
2025-04-19,zaghouan,Zaghouan,north,0.5082,0.1778,0.1035,73.71,0.0,1.000,S2C_32SNF_20250419_0_L2A
2025-05-31,zaghouan,Zaghouan,north,0.3035,0.1393,-0.0755,18.15,0.0,1.000,S2A_32SNF_20250531_0_L2A
2025-06-23,zaghouan,Zaghouan,north,0.2560,0.1234,-0.1194,10.32,0.0,1.000,S2B_32SPF_20250623_1_L2A
2025-07-23,zaghouan,Zaghouan,north,0.2248,0.1247,-0.1161,9.51,0.0,1.000,S2A_32SNF_20250723_0_L2A
2025-08-25,zaghouan,Zaghouan,north,0.2450,0.1512,-0.1266,11.94,0.0,1.000,S2B_32SNF_20250825_0_L2A
2025-09-01,zaghouan,Zaghouan,north,0.2548,0.1663,-0.1181,12.52,0.0,1.000,S2A_32SNF_20250901_0_L2A
2025-10-08,zaghouan,Zaghouan,north,0.2830,0.1762,-0.1073,15.96,0.0,1.000,S2A_32SNF_20251008_0_L2A
2025-11-30,zaghouan,Zaghouan,north,0.3462,0.1938,-0.0723,23.53,0.0,1.000,S2A_32SNF_20251130_1_L2A
2025-12-08,zaghouan,Zaghouan,north,0.3400,0.1993,-0.0831,22.69,0.5,0.995,S2C_32SNF_20251208_0_L2A
2026-01-09,zaghouan,Zaghouan,north,0.4332,0.1971,0.0135,43.65,0.0,1.000,S2A_32SNF_20260109_0_L2A
2026-02-26,zaghouan,Zaghouan,north,0.5319,0.1918,0.1080,71.38,0.0,1.000,S2C_32SNF_20260226_0_L2A
2026-03-18,zaghouan,Zaghouan,north,0.5850,0.1896,0.1640,82.36,0.1,0.999,S2C_32SNF_20260318_0_L2A
2026-04-07,zaghouan,Zaghouan,north,0.5711,0.2034,0.1610,79.21,0.0,1.000,S2C_32SNF_20260407_0_L2A
2026-05-29,zaghouan,Zaghouan,north,0.3235,0.1386,-0.0345,25.23,0.0,1.000,S2B_32SPF_20260529_0_L2A
2026-06-18,zaghouan,Zaghouan,north,0.2805,0.1432,-0.0773,17.15,0.0,1.000,S2B_32SNF_20260618_0_L2A
2026-07-25,zaghouan,Zaghouan,north,0.2227,0.1327,-0.0980,10.00,0.0,1.000,S2A_32SNF_20260725_0_L2A
2026-08-20,zaghouan,Zaghouan,north,0.2388,0.1496,-0.1289,10.52,0.0,1.000,S2B_32SNF_20260820_0_L2A
2022-01-05,bizerte,Bizerte,north,0.5264,0.1987,0.0815,61.50,2.2,0.978,S2A_32SNF_20220105_0_L2A
2022-02-09,bizerte,Bizerte,north,0.6754,0.2097,0.2429,87.17,0.2,0.998,S2B_32SNG_20220209_0_L2A
2022-03-24,bizerte,Bizerte,north,,,,,44.0,,S2B_32SNG_20220324_0_L2A
2022-04-08,bizerte,Bizerte,north,0.7152,0.2272,0.3208,87.52,0.0,1.000,S2A_32SNF_20220408_0_L2A
2022-05-15,bizerte,Bizerte,north,0.3089,0.1715,-0.0716,19.87,0.0,1.000,S2A_32SNF_20220515_0_L2A
2022-06-24,bizerte,Bizerte,north,0.1728,0.0914,-0.1392,2.84,0.0,1.000,S2A_32SNF_20220624_0_L2A
2022-07-17,bizerte,Bizerte,north,0.1854,0.1131,-0.1240,3.86,0.0,1.000,S2A_32SNF_20220717_0_L2A
2022-08-26,bizerte,Bizerte,north,0.1708,0.1018,-0.1569,2.80,0.0,1.000,S2A_32SNF_20220826_0_L2A
2022-09-10,bizerte,Bizerte,north,0.1685,0.1031,-0.1651,2.69,0.0,1.000,S2B_32SNF_20220910_0_L2A
2022-10-20,bizerte,Bizerte,north,0.2384,0.1419,-0.1733,8.35,0.0,1.000,S2B_32SNF_20221020_0_L2A
2022-11-14,bizerte,Bizerte,north,0.2585,0.1655,-0.1647,12.20,0.0,1.000,S2A_32SNF_20221114_0_L2A
2022-12-04,bizerte,Bizerte,north,0.3961,0.1990,-0.0398,34.29,0.0,1.000,S2A_32SNF_20221204_0_L2A
2023-01-08,bizerte,Bizerte,north,0.6619,0.2233,0.2334,82.60,0.0,1.000,S2B_32SNF_20230108_0_L2A
2023-02-19,bizerte,Bizerte,north,0.7316,0.2275,0.3559,90.25,0.0,1.000,S2A_32SNF_20230219_0_L2A
2023-03-24,bizerte,Bizerte,north,0.7226,0.2390,0.3365,86.54,0.0,1.000,S2A_32SNF_20230324_0_L2A
2023-04-08,bizerte,Bizerte,north,0.6626,0.2353,0.2988,81.48,0.0,1.000,S2B_32SNF_20230408_0_L2A
2023-05-10,bizerte,Bizerte,north,0.2908,0.1397,-0.0529,20.04,20.2,0.522,S2A_32SNG_20230510_0_L2A
2023-06-29,bizerte,Bizerte,north,0.2451,0.1282,-0.1909,4.00,0.0,1.000,S2A_32SNG_20230629_0_L2A
2023-07-14,bizerte,Bizerte,north,0.1901,0.0842,-0.1536,2.34,0.0,1.000,S2B_32SNF_20230714_0_L2A
2023-08-16,bizerte,Bizerte,north,0.1922,0.0975,-0.1528,2.90,0.0,1.000,S2B_32SNF_20230816_0_L2A
2023-09-10,bizerte,Bizerte,north,0.1906,0.1132,-0.1695,3.85,0.0,1.000,S2A_32SNG_20230910_1_L2A
2023-10-10,bizerte,Bizerte,north,0.1763,0.0909,-0.1899,2.19,0.0,1.000,S2A_32SNF_20231010_0_L2A
2023-11-14,bizerte,Bizerte,north,0.2043,0.1162,-0.1929,4.03,0.0,1.000,S2B_32SNF_20231114_0_L2A
2023-12-26,bizerte,Bizerte,north,0.3701,0.1709,-0.0697,24.61,0.3,0.997,S2A_32SNF_20231226_0_L2A
2024-01-25,bizerte,Bizerte,north,0.6123,0.2346,0.1607,75.54,0.0,1.000,S2A_32SNF_20240125_0_L2A
2024-02-04,bizerte,Bizerte,north,0.6757,0.2185,0.2596,87.63,10.9,0.891,S2A_32SNF_20240204_0_L2A
2024-03-30,bizerte,Bizerte,north,0.6344,0.1393,0.3500,98.42,0.1,0.999,S2B_32SNF_20240330_0_L2A
2024-04-04,bizerte,Bizerte,north,0.6815,0.2065,0.3016,90.29,0.0,1.000,S2A_32SNF_20240404_1_L2A
2024-05-12,bizerte,Bizerte,north,0.3015,0.1498,-0.0506,22.17,0.0,1.000,S2B_32SNF_20240512_0_L2A
2024-06-26,bizerte,Bizerte,north,0.1888,0.0942,-0.1415,3.00,0.0,1.000,S2A_32SNF_20240626_0_L2A
2024-07-31,bizerte,Bizerte,north,0.1612,0.0867,-0.1424,2.51,0.0,1.000,S2B_32SNF_20240731_0_L2A
2024-08-25,bizerte,Bizerte,north,0.1720,0.0960,-0.1587,2.53,0.0,1.000,S2A_32SNF_20240825_0_L2A
2024-09-01,bizerte,Bizerte,north,,,,,0.0,,S2A_32SNG_20240901_0_L2A
2024-10-01,bizerte,Bizerte,north,0.1528,0.0951,-0.2007,2.29,0.0,1.000,S2A_32SNF_20241001_0_L2A
2024-11-25,bizerte,Bizerte,north,0.2708,0.1715,-0.1664,12.72,0.0,1.000,S2B_32SNF_20241125_0_L2A
2024-12-10,bizerte,Bizerte,north,0.3185,0.1959,-0.1227,20.11,0.0,1.000,S2A_32SNF_20241210_0_L2A
2025-01-24,bizerte,Bizerte,north,0.5602,0.2273,0.1456,67.56,0.0,1.000,S2B_32SNF_20250124_0_L2A
2025-02-18,bizerte,Bizerte,north,0.7176,0.2236,0.3377,91.09,2.9,0.971,S2C_32SNF_20250218_0_L2A
2025-03-20,bizerte,Bizerte,north,0.7291,0.1927,0.3558,93.54,0.1,0.999,S2C_32SNG_20250320_0_L2A
2025-04-19,bizerte,Bizerte,north,0.6442,0.2153,0.2497,84.88,0.0,1.000,S2C_32SNF_20250419_0_L2A
2025-05-31,bizerte,Bizerte,north,0.2342,0.1046,-0.1328,5.92,0.0,1.000,S2A_32SNF_20250531_0_L2A
2025-06-13,bizerte,Bizerte,north,0.2288,0.0936,-0.1418,4.21,0.0,0.988,S2B_32SNG_20250613_1_L2A
2025-07-23,bizerte,Bizerte,north,0.1868,0.0937,-0.1438,3.12,0.0,1.000,S2A_32SNF_20250723_0_L2A
2025-08-25,bizerte,Bizerte,north,0.1910,0.1076,-0.1453,3.69,0.0,1.000,S2B_32SNF_20250825_0_L2A
2025-09-01,bizerte,Bizerte,north,0.1901,0.1031,-0.1582,3.08,0.0,1.000,S2A_32SNF_20250901_0_L2A
2025-10-08,bizerte,Bizerte,north,0.2200,0.1324,-0.1968,5.12,0.4,0.996,S2A_32SNF_20251008_0_L2A
2025-11-30,bizerte,Bizerte,north,0.3247,0.1911,-0.1007,21.93,0.0,1.000,S2A_32SNF_20251130_1_L2A
2025-12-08,bizerte,Bizerte,north,0.3283,0.1979,-0.1169,21.36,21.6,0.784,S2C_32SNF_20251208_0_L2A
2026-01-09,bizerte,Bizerte,north,0.6107,0.2118,0.1287,70.62,0.0,1.000,S2A_32SNF_20260109_0_L2A
2026-02-26,bizerte,Bizerte,north,0.7030,0.2220,0.2953,89.10,0.0,1.000,S2C_32SNF_20260226_0_L2A
2026-03-08,bizerte,Bizerte,north,0.7088,0.1962,0.3024,91.85,8.7,0.913,S2C_32SNG_20260308_0_L2A
2026-04-07,bizerte,Bizerte,north,0.7321,0.2067,0.3451,92.16,0.0,1.000,S2C_32SNG_20260407_0_L2A
2026-05-24,bizerte,Bizerte,north,0.2987,0.1277,-0.0259,25.78,0.2,0.998,S2C_32SNG_20260524_0_L2A
2026-06-18,bizerte,Bizerte,north,0.2201,0.0976,-0.0998,6.19,0.0,1.000,S2B_32SNF_20260618_0_L2A
2026-07-25,bizerte,Bizerte,north,0.1724,0.1040,-0.1091,3.94,0.0,1.000,S2A_32SNF_20260725_0_L2A
2026-08-20,bizerte,Bizerte,north,0.1853,0.1144,-0.1113,4.75,0.0,1.000,S2B_32SNF_20260820_0_L2A
2022-01-28,beja,Béja,north,0.5766,0.1983,0.1231,72.73,0.0,1.000,S2A_32SMF_20220128_0_L2A
2022-03-14,beja,Béja,north,0.6873,0.1857,0.2577,89.29,0.1,0.999,S2B_32SMF_20220314_0_L2A
2022-04-08,beja,Béja,north,0.7173,0.2078,0.3169,89.55,0.0,1.000,S2A_32SNF_20220408_0_L2A
2022-05-23,beja,Béja,north,0.4367,0.1643,0.0867,64.15,0.0,1.000,S2B_32SMF_20220523_0_L2A
2022-06-17,beja,Béja,north,0.2736,0.1526,-0.0490,15.82,0.0,1.000,S2A_32SMF_20220617_0_L2A
2022-07-17,beja,Béja,north,0.2396,0.1564,-0.0705,11.80,0.0,1.000,S2A_32SMF_20220717_0_L2A
2022-08-26,beja,Béja,north,0.1968,0.1230,-0.1202,5.99,0.0,1.000,S2A_32SNF_20220826_0_L2A
2022-09-10,beja,Béja,north,0.1962,0.1226,-0.1331,5.66,0.0,1.000,S2B_32SNF_20220910_0_L2A
2022-10-20,beja,Béja,north,0.2641,0.1617,-0.1724,11.37,0.0,1.000,S2B_32SMF_20221020_0_L2A
2022-11-14,beja,Béja,north,0.2959,0.1801,-0.1682,15.03,0.0,1.000,S2A_32SMF_20221114_0_L2A
2022-12-04,beja,Béja,north,0.3750,0.1921,-0.0906,27.79,0.0,1.000,S2A_32SMF_20221204_0_L2A
2023-01-08,beja,Béja,north,0.5781,0.2003,0.0951,68.04,0.0,1.000,S2B_32SNF_20230108_0_L2A
2023-02-22,beja,Béja,north,0.6114,0.2005,0.1764,78.60,0.0,0.484,S2A_32SNF_20230222_1_L2A
2023-03-24,beja,Béja,north,0.6631,0.2059,0.2327,84.65,0.0,1.000,S2A_32SMF_20230324_0_L2A
2023-04-08,beja,Béja,north,0.6102,0.2297,0.2138,77.74,0.0,1.000,S2B_32SNF_20230408_0_L2A
2023-05-28,beja,Béja,north,0.3007,0.1618,-0.0926,21.76,12.5,0.875,S2B_32SNF_20230528_0_L2A
2023-06-22,beja,Béja,north,0.2993,0.1416,-0.1098,14.77,0.1,0.999,S2A_32SNF_20230622_1_L2A
2023-07-22,beja,Béja,north,0.2192,0.1113,-0.1439,5.16,0.0,1.000,S2A_32SNF_20230722_0_L2A
2023-08-26,beja,Béja,north,0.2474,0.1404,-0.1264,9.47,0.0,1.000,S2B_32SMF_20230826_0_L2A
2023-09-10,beja,Béja,north,0.2461,0.1459,-0.1284,10.09,0.0,1.000,S2A_32SMF_20230910_1_L2A
2023-10-10,beja,Béja,north,0.2339,0.1470,-0.1613,9.11,0.0,1.000,S2A_32SMF_20231010_0_L2A
2023-11-14,beja,Béja,north,0.2607,0.1723,-0.1709,11.14,0.0,1.000,S2B_32SMF_20231114_0_L2A
2023-12-24,beja,Béja,north,0.3210,0.1444,-0.1268,13.63,23.1,0.769,S2B_32SNF_20231224_0_L2A
2024-01-28,beja,Béja,north,,,,,43.2,,S2A_32SMF_20240128_0_L2A
2024-02-07,beja,Béja,north,0.6421,0.2013,0.1763,80.80,10.2,0.898,S2A_32SMF_20240207_0_L2A
2024-03-23,beja,Béja,north,0.7625,0.1798,0.3620,94.63,3.7,0.963,S2B_32SMF_20240323_0_L2A
2024-04-27,beja,Béja,north,0.6250,0.1804,0.2427,88.95,0.0,1.000,S2A_32SMF_20240427_0_L2A
2024-05-12,beja,Béja,north,0.4587,0.2048,0.0745,55.73,0.0,1.000,S2B_32SNF_20240512_0_L2A
2024-06-26,beja,Béja,north,0.2533,0.1558,-0.0952,11.65,0.0,1.000,S2A_32SMF_20240626_0_L2A
2024-07-31,beja,Béja,north,0.2136,0.1452,-0.1048,9.31,0.0,1.000,S2B_32SMF_20240731_0_L2A
2024-08-10,beja,Béja,north,0.2161,0.1490,-0.1069,9.29,0.0,1.000,S2B_32SMF_20240810_0_L2A
2024-09-29,beja,Béja,north,0.2150,0.1349,-0.1897,6.14,0.1,0.999,S2B_32SNF_20240929_0_L2A
2024-10-04,beja,Béja,north,0.2236,0.1382,-0.1848,7.10,12.9,0.871,S2A_32SNF_20241004_0_L2A
2024-11-03,beja,Béja,north,0.2892,0.1862,-0.1728,14.82,0.0,1.000,S2A_32SMF_20241103_0_L2A
2024-12-13,beja,Béja,north,0.3814,0.2013,-0.0803,33.56,10.1,0.899,S2A_32SMF_20241213_0_L2A
2025-01-07,beja,Béja,north,0.4385,0.1892,-0.0273,38.03,21.3,0.787,S2B_32SNF_20250107_0_L2A
2025-02-16,beja,Béja,north,0.7070,0.2019,0.2682,87.42,1.9,0.981,S2B_32SNF_20250216_0_L2A
2025-03-15,beja,Béja,north,0.6787,0.1567,0.3258,95.24,5.9,0.941,S2A_32SNF_20250315_1_L2A
2025-04-24,beja,Béja,north,0.7063,0.1611,0.3411,95.82,28.2,0.718,S2A_32SMF_20250424_0_L2A
2025-05-27,beja,Béja,north,0.4405,0.1811,0.0463,53.77,0.0,1.000,S2B_32SMF_20250527_0_L2A
2025-06-21,beja,Béja,north,0.2989,0.1555,-0.0521,19.48,0.0,1.000,S2C_32SMF_20250621_0_L2A
2025-07-23,beja,Béja,north,0.2168,0.1162,-0.0997,7.04,0.0,1.000,S2A_32SNF_20250723_0_L2A
2025-08-25,beja,Béja,north,0.2088,0.1123,-0.1092,6.76,0.0,1.000,S2B_32SNF_20250825_0_L2A
2025-09-01,beja,Béja,north,0.2095,0.1192,-0.1301,6.16,0.0,1.000,S2A_32SNF_20250901_0_L2A
2025-10-21,beja,Béja,north,0.2333,0.1466,-0.2207,6.94,0.0,1.000,S2A_32SNF_20251021_0_L2A
2025-11-30,beja,Béja,north,0.3208,0.1735,-0.1248,18.13,0.0,1.000,S2A_32SNF_20251130_1_L2A
2025-12-08,beja,Béja,north,0.3551,0.2019,-0.1339,22.59,0.0,1.000,S2C_32SMF_20251208_0_L2A
2026-01-09,beja,Béja,north,0.5429,0.1862,0.0380,56.40,0.0,1.000,S2A_32SNF_20260109_0_L2A
2026-02-26,beja,Béja,north,0.7231,0.1889,0.2695,90.47,0.0,1.000,S2C_32SMF_20260226_0_L2A
2026-03-18,beja,Béja,north,0.7627,0.1796,0.3298,93.76,7.4,0.926,S2C_32SMF_20260318_0_L2A
2026-04-07,beja,Béja,north,0.7513,0.1764,0.3388,94.58,0.0,1.000,S2C_32SMF_20260407_0_L2A
2026-05-19,beja,Béja,north,0.5748,0.1679,0.1704,85.56,0.0,0.972,S2A_32SMF_20260519_0_L2A
2026-06-21,beja,Béja,north,0.2798,0.1591,-0.0481,16.61,0.0,1.000,S2B_32SMF_20260621_0_L2A
2026-07-18,beja,Béja,north,0.2379,0.1507,-0.0612,12.63,0.0,1.000,S2A_32SMF_20260718_0_L2A
2026-08-20,beja,Béja,north,0.2339,0.1576,-0.0707,12.20,0.0,1.000,S2B_32SMF_20260820_0_L2A
2022-01-28,jendouba,Jendouba,north,0.5846,0.2005,0.1363,74.13,0.7,0.993,S2A_32SMF_20220128_0_L2A
2022-03-14,jendouba,Jendouba,north,0.6699,0.1814,0.2366,87.94,0.0,1.000,S2B_32SMF_20220314_0_L2A
2022-04-08,jendouba,Jendouba,north,,,,,0.0,,S2A_32SNF_20220408_0_L2A
2022-05-23,jendouba,Jendouba,north,0.4054,0.1853,0.0442,48.29,0.0,1.000,S2B_32SMF_20220523_0_L2A
2022-06-17,jendouba,Jendouba,north,0.3013,0.1961,-0.0456,20.64,0.0,1.000,S2A_32SMF_20220617_0_L2A
2022-07-17,jendouba,Jendouba,north,0.2805,0.2044,-0.0531,18.84,0.0,1.000,S2A_32SMF_20220717_0_L2A
2022-08-26,jendouba,Jendouba,north,,,,,0.0,,S2A_32SNF_20220826_0_L2A
2022-09-10,jendouba,Jendouba,north,,,,,0.0,,S2B_32SNF_20220910_0_L2A
2022-10-20,jendouba,Jendouba,north,0.3111,0.2207,-0.1212,18.91,0.0,1.000,S2B_32SMF_20221020_0_L2A
2022-11-14,jendouba,Jendouba,north,0.3468,0.2363,-0.1007,24.06,0.0,1.000,S2A_32SMF_20221114_0_L2A
2022-12-04,jendouba,Jendouba,north,0.4180,0.2353,-0.0234,36.97,0.0,1.000,S2A_32SMF_20221204_0_L2A
2023-01-08,jendouba,Jendouba,north,,,,,0.0,,S2B_32SNF_20230108_0_L2A
2023-02-22,jendouba,Jendouba,north,,,,,0.0,,S2A_32SNF_20230222_1_L2A
2023-03-24,jendouba,Jendouba,north,0.5777,0.2228,0.1433,70.43,0.0,1.000,S2A_32SMF_20230324_0_L2A
2023-04-08,jendouba,Jendouba,north,,,,,0.0,,S2B_32SNF_20230408_0_L2A
2023-05-28,jendouba,Jendouba,north,,,,,0.0,,S2B_32SNF_20230528_0_L2A
2023-06-22,jendouba,Jendouba,north,,,,,0.0,,S2A_32SNF_20230622_1_L2A
2023-07-22,jendouba,Jendouba,north,,,,,0.0,,S2A_32SNF_20230722_0_L2A
2023-08-26,jendouba,Jendouba,north,0.2724,0.1997,-0.1130,16.18,0.0,1.000,S2B_32SMF_20230826_0_L2A
2023-09-10,jendouba,Jendouba,north,0.2728,0.2038,-0.1114,16.45,0.0,1.000,S2A_32SMF_20230910_1_L2A
2023-10-10,jendouba,Jendouba,north,0.2676,0.2046,-0.1281,15.73,0.0,1.000,S2A_32SMF_20231010_0_L2A
2023-11-14,jendouba,Jendouba,north,0.3032,0.2245,-0.1174,19.14,0.0,1.000,S2B_32SMF_20231114_0_L2A
2023-12-24,jendouba,Jendouba,north,,,,,0.0,,S2B_32SNF_20231224_0_L2A
2024-01-28,jendouba,Jendouba,north,0.5708,0.2112,0.1364,74.22,28.7,0.713,S2A_32SMF_20240128_0_L2A
2024-02-07,jendouba,Jendouba,north,0.6582,0.2066,0.1830,79.57,0.0,1.000,S2A_32SMF_20240207_0_L2A
2024-03-23,jendouba,Jendouba,north,0.7369,0.1914,0.3174,91.37,0.2,0.998,S2B_32SMF_20240323_0_L2A
2024-04-27,jendouba,Jendouba,north,0.5731,0.1874,0.1788,83.24,0.0,1.000,S2A_32SMF_20240427_0_L2A
2024-05-12,jendouba,Jendouba,north,,,,,0.0,,S2B_32SNF_20240512_0_L2A
2024-06-26,jendouba,Jendouba,north,0.2884,0.2035,-0.0764,18.65,0.0,1.000,S2A_32SMF_20240626_0_L2A
2024-07-31,jendouba,Jendouba,north,0.2621,0.1972,-0.0764,16.86,0.0,1.000,S2B_32SMF_20240731_0_L2A
2024-08-10,jendouba,Jendouba,north,0.2646,0.1988,-0.0813,16.53,0.0,1.000,S2B_32SMF_20240810_0_L2A
2024-09-29,jendouba,Jendouba,north,,,,,0.0,,S2B_32SNF_20240929_0_L2A
2024-10-04,jendouba,Jendouba,north,,,,,0.0,,S2A_32SNF_20241004_0_L2A
2024-11-03,jendouba,Jendouba,north,0.3535,0.2403,-0.0996,25.73,0.0,1.000,S2A_32SMF_20241103_0_L2A
2024-12-13,jendouba,Jendouba,north,0.4443,0.2527,-0.0017,44.34,0.0,1.000,S2A_32SMF_20241213_0_L2A
2025-01-07,jendouba,Jendouba,north,,,,,0.0,,S2B_32SNF_20250107_0_L2A
2025-02-16,jendouba,Jendouba,north,,,,,0.0,,S2B_32SNF_20250216_0_L2A
2025-03-15,jendouba,Jendouba,north,,,,,0.0,,S2A_32SNF_20250315_1_L2A
2025-04-24,jendouba,Jendouba,north,0.6560,0.1833,0.2514,89.46,3.6,0.964,S2A_32SMF_20250424_0_L2A
2025-05-27,jendouba,Jendouba,north,0.4288,0.2071,0.0248,46.19,0.0,1.000,S2B_32SMF_20250527_0_L2A
2025-06-21,jendouba,Jendouba,north,0.3338,0.2006,-0.0354,24.34,0.0,1.000,S2C_32SMF_20250621_0_L2A
2025-07-23,jendouba,Jendouba,north,,,,,0.0,,S2A_32SNF_20250723_0_L2A
2025-08-25,jendouba,Jendouba,north,,,,,0.0,,S2B_32SNF_20250825_0_L2A
2025-09-01,jendouba,Jendouba,north,,,,,0.0,,S2A_32SNF_20250901_0_L2A
2025-10-21,jendouba,Jendouba,north,,,,,0.0,,S2A_32SNF_20251021_0_L2A
2025-11-30,jendouba,Jendouba,north,,,,,0.0,,S2A_32SNF_20251130_1_L2A
2025-12-08,jendouba,Jendouba,north,0.4278,0.2489,-0.0454,35.87,0.0,1.000,S2C_32SMF_20251208_0_L2A
2026-01-09,jendouba,Jendouba,north,,,,,0.0,,S2A_32SNF_20260109_0_L2A
2026-02-26,jendouba,Jendouba,north,0.7116,0.1870,0.2607,89.56,0.0,1.000,S2C_32SMF_20260226_0_L2A
2026-03-18,jendouba,Jendouba,north,0.7440,0.1858,0.3088,92.58,0.7,0.993,S2C_32SMF_20260318_0_L2A
2026-04-07,jendouba,Jendouba,north,0.7172,0.1884,0.3002,91.57,0.0,1.000,S2C_32SMF_20260407_0_L2A
2026-05-19,jendouba,Jendouba,north,0.4697,0.2055,0.0717,57.66,0.2,0.998,S2A_32SMF_20260519_1_L2A
2026-06-21,jendouba,Jendouba,north,0.3218,0.2081,-0.0360,23.31,0.0,1.000,S2B_32SMF_20260621_0_L2A
2026-07-18,jendouba,Jendouba,north,0.2830,0.1992,-0.0463,20.02,0.0,1.000,S2A_32SMF_20260718_0_L2A
2026-08-20,jendouba,Jendouba,north,0.2751,0.2015,-0.0546,18.92,0.0,1.000,S2B_32SMF_20260820_0_L2A
2022-01-28,kef,Le Kef,north,0.3041,0.1318,-0.0536,17.48,0.0,1.000,S2A_32SME_20220128_0_L2A
2022-02-07,kef,Le Kef,north,0.3071,0.1367,-0.0526,19.20,0.3,0.997,S2A_32SME_20220207_0_L2A
2022-03-14,kef,Le Kef,north,0.4391,0.2133,0.0427,49.81,0.0,1.000,S2B_32SME_20220314_0_L2A
2022-04-08,kef,Le Kef,north,0.4931,0.2132,0.1159,62.46,0.0,1.000,S2A_32SMF_20220408_0_L2A
2022-05-23,kef,Le Kef,north,0.2574,0.1142,-0.0635,13.01,0.0,1.000,S2B_32SMF_20220523_0_L2A
2022-06-12,kef,Le Kef,north,0.1605,0.0606,-0.1298,0.59,0.0,1.000,S2B_32SME_20220612_0_L2A
2022-07-17,kef,Le Kef,north,0.1478,0.0695,-0.1268,0.76,0.0,1.000,S2A_32SME_20220717_0_L2A
2022-08-21,kef,Le Kef,north,0.1481,0.0697,-0.1335,1.00,0.0,1.000,S2B_32SME_20220821_0_L2A
2022-09-15,kef,Le Kef,north,0.1407,0.0750,-0.1622,0.57,0.0,1.000,S2A_32SME_20220915_0_L2A
2022-10-15,kef,Le Kef,north,0.1591,0.0849,-0.1699,1.51,0.0,1.000,S2A_32SME_20221015_0_L2A
2022-11-14,kef,Le Kef,north,0.1762,0.1015,-0.1595,2.56,0.0,1.000,S2A_32SME_20221114_0_L2A
2022-12-04,kef,Le Kef,north,0.2576,0.1599,-0.0858,14.36,0.0,1.000,S2A_32SMF_20221204_0_L2A
2023-01-08,kef,Le Kef,north,0.3071,0.1638,-0.0613,19.38,0.0,1.000,S2B_32SMF_20230108_0_L2A
2023-02-22,kef,Le Kef,north,0.1874,0.0938,-0.1315,3.06,0.0,1.000,S2A_32SME_20230222_0_L2A
2023-03-24,kef,Le Kef,north,0.1715,0.1064,-0.1369,2.72,0.0,1.000,S2A_32SME_20230324_0_L2A
2023-04-08,kef,Le Kef,north,0.2396,0.1364,-0.0891,9.72,4.7,0.953,S2B_32SMF_20230408_0_L2A
2023-05-18,kef,Le Kef,north,0.1435,0.0856,-0.1374,0.83,2.8,0.972,S2B_32SME_20230518_0_L2A
2023-06-17,kef,Le Kef,north,0.2520,0.1242,-0.0659,12.98,0.0,1.000,S2B_32SME_20230617_0_L2A
2023-07-02,kef,Le Kef,north,0.1982,0.0911,-0.1251,1.66,0.0,1.000,S2A_32SME_20230702_0_L2A
2023-08-11,kef,Le Kef,north,0.1338,0.0607,-0.1492,0.68,0.0,1.000,S2A_32SME_20230811_0_L2A
2023-09-10,kef,Le Kef,north,0.1799,0.1145,-0.1317,3.50,0.0,1.000,S2A_32SMF_20230910_1_L2A
2023-10-10,kef,Le Kef,north,0.1368,0.0720,-0.1625,1.04,0.0,1.000,S2A_32SME_20231010_0_L2A
2023-11-19,kef,Le Kef,north,0.1565,0.0909,-0.1519,2.43,0.0,1.000,S2A_32SME_20231119_0_L2A
2023-12-24,kef,Le Kef,north,0.2401,0.1115,-0.0760,8.32,0.0,1.000,S2B_32SME_20231224_0_L2A
2024-01-03,kef,Le Kef,north,0.2337,0.1103,-0.0999,7.33,11.3,0.887,S2B_32SME_20240103_0_L2A
2024-02-07,kef,Le Kef,north,0.3505,0.1897,-0.0122,32.06,0.0,1.000,S2A_32SME_20240207_0_L2A
2024-03-23,kef,Le Kef,north,0.4620,0.2111,0.0900,60.41,0.2,0.998,S2B_32SME_20240323_0_L2A
2024-04-27,kef,Le Kef,north,0.3220,0.1596,-0.0152,26.83,0.0,1.000,S2A_32SMF_20240427_0_L2A
2024-05-27,kef,Le Kef,north,0.1668,0.0676,-0.1507,1.00,0.1,0.479,S2A_32SME_20240527_0_L2A
2024-06-26,kef,Le Kef,north,0.1352,0.0687,-0.1553,0.70,0.0,1.000,S2A_32SME_20240626_0_L2A
2024-07-11,kef,Le Kef,north,0.1254,0.0597,-0.1575,0.73,0.0,1.000,S2B_32SME_20240711_0_L2A
2024-08-05,kef,Le Kef,north,0.1349,0.0636,-0.1472,0.92,0.0,1.000,S2A_32SME_20240805_0_L2A
2024-09-04,kef,Le Kef,north,0.1358,0.0704,-0.1601,0.64,15.8,0.842,S2A_32SME_20240904_0_L2A
2024-10-14,kef,Le Kef,north,,,,,68.9,,S2A_32SME_20241014_0_L2A
2024-11-03,kef,Le Kef,north,0.2165,0.1368,-0.1432,5.89,0.0,1.000,S2A_32SMF_20241103_0_L2A
2024-12-13,kef,Le Kef,north,0.1972,0.1102,-0.1259,4.90,0.0,1.000,S2C_32SME_20241213_1_L2A
2025-01-07,kef,Le Kef,north,0.2349,0.1210,-0.1001,8.33,3.0,0.970,S2B_32SME_20250107_0_L2A
2025-02-11,kef,Le Kef,north,0.3798,0.1854,0.0195,40.72,0.1,0.999,S2C_32SME_20250211_0_L2A
2025-03-08,kef,Le Kef,north,0.5336,0.2186,0.1484,68.08,0.6,0.994,S2B_32SMF_20250308_0_L2A
2025-04-24,kef,Le Kef,north,0.4458,0.1990,0.0853,57.64,0.6,0.994,S2A_32SME_20250424_0_L2A
2025-05-27,kef,Le Kef,north,0.2711,0.0900,-0.0811,7.98,0.0,1.000,S2B_32SME_20250527_0_L2A
2025-06-03,kef,Le Kef,north,0.2305,0.0745,-0.1076,2.38,0.0,1.000,S2A_32SME_20250603_0_L2A
2025-07-23,kef,Le Kef,north,0.1633,0.0682,-0.1391,0.95,0.0,1.000,S2A_32SME_20250723_0_L2A
2025-08-05,kef,Le Kef,north,0.1653,0.0711,-0.1279,1.41,0.0,1.000,S2B_32SME_20250805_0_L2A
2025-09-01,kef,Le Kef,north,0.1943,0.1148,-0.1177,4.17,0.0,1.000,S2A_32SMF_20250901_0_L2A
2025-10-24,kef,Le Kef,north,0.2032,0.1086,-0.1552,3.18,1.6,0.984,S2B_32SME_20251024_0_L2A
2025-11-30,kef,Le Kef,north,0.2311,0.1207,-0.1297,6.04,0.0,1.000,S2A_32SME_20251130_0_L2A
2025-12-28,kef,Le Kef,north,0.3008,0.1325,-0.0702,15.57,0.1,0.999,S2C_32SME_20251228_0_L2A
2026-01-09,kef,Le Kef,north,0.3489,0.1441,-0.0321,25.61,0.0,1.000,S2A_32SME_20260109_0_L2A
2026-02-26,kef,Le Kef,north,0.5118,0.2085,0.0982,63.79,0.0,1.000,S2C_32SMF_20260226_0_L2A
2026-03-18,kef,Le Kef,north,0.5861,0.2190,0.2007,78.80,0.0,1.000,S2C_32SME_20260318_0_L2A
2026-04-07,kef,Le Kef,north,0.5772,0.2266,0.1975,75.68,0.0,1.000,S2C_32SME_20260407_0_L2A
2026-05-19,kef,Le Kef,north,0.3483,0.1527,-0.0060,34.24,0.4,0.996,S2A_32SMF_20260519_1_L2A
2026-06-21,kef,Le Kef,north,0.1723,0.0746,-0.1333,0.86,0.0,1.000,S2B_32SME_20260621_0_L2A
2026-07-08,kef,Le Kef,north,0.1721,0.0712,-0.1353,1.17,0.0,1.000,S2A_32SME_20260708_0_L2A
2026-08-25,kef,Le Kef,north,0.1591,0.0679,-0.1385,0.81,0.0,1.000,S2C_32SME_20260825_0_L2A
2022-01-30,siliana,Siliana,centre-west,0.3548,0.1531,-0.0302,29.36,0.0,0.701,S2B_32SNE_20220130_0_L2A
2022-02-09,siliana,Siliana,centre-west,0.4214,0.1701,0.0428,52.47,0.2,0.578,S2B_32SNF_20220209_0_L2A
2022-03-29,siliana,Siliana,centre-west,0.4699,0.1879,0.1502,74.69,7.4,0.926,S2A_32SNE_20220329_0_L2A
2022-04-08,siliana,Siliana,centre-west,0.5251,0.2408,0.1633,70.41,0.0,1.000,S2A_32SNE_20220408_0_L2A
2022-05-23,siliana,Siliana,centre-west,0.2735,0.1322,-0.0363,19.92,0.0,1.000,S2B_32SNE_20220523_0_L2A
2022-06-24,siliana,Siliana,centre-west,0.1637,0.0734,-0.1054,1.69,0.0,0.821,S2A_32SNE_20220624_0_L2A
2022-07-19,siliana,Siliana,centre-west,0.1524,0.0765,-0.1120,1.94,0.0,0.775,S2B_32SNE_20220719_0_L2A
2022-08-13,siliana,Siliana,centre-west,0.1523,0.0824,-0.1194,2.10,0.0,0.802,S2A_32SNE_20220813_0_L2A
2022-09-15,siliana,Siliana,centre-west,0.1432,0.0946,-0.1534,1.88,0.0,1.000,S2A_32SNE_20220915_0_L2A
2022-10-20,siliana,Siliana,centre-west,0.1656,0.0931,-0.1492,3.30,0.0,1.000,S2B_32SNE_20221020_0_L2A
2022-11-21,siliana,Siliana,centre-west,0.1950,0.1158,-0.1568,4.57,0.0,0.770,S2A_32SNE_20221121_0_L2A
2022-12-26,siliana,Siliana,centre-west,0.2345,0.1270,-0.1359,5.70,0.0,0.742,S2B_32SNE_20221226_0_L2A
2023-01-08,siliana,Siliana,centre-west,0.2380,0.1250,-0.0963,8.12,0.0,1.000,S2B_32SNF_20230108_0_L2A
2023-02-22,siliana,Siliana,centre-west,0.2197,0.1059,-0.1090,6.39,0.0,1.000,S2A_32SNE_20230222_0_L2A
2023-03-24,siliana,Siliana,centre-west,0.2131,0.1148,-0.1067,5.60,0.0,1.000,S2A_32SNE_20230324_0_L2A
2023-04-08,siliana,Siliana,centre-west,0.2081,0.1101,-0.1040,5.83,0.0,1.000,S2B_32SNE_20230408_0_L2A
2023-05-18,siliana,Siliana,centre-west,0.1600,0.0965,-0.1356,1.99,21.8,0.782,S2B_32SNE_20230518_0_L2A
2023-06-27,siliana,Siliana,centre-west,0.2065,0.1048,-0.1117,4.90,0.1,0.999,S2B_32SNE_20230627_0_L2A
2023-07-24,siliana,Siliana,centre-west,0.1618,0.0810,-0.1379,1.72,0.0,0.771,S2B_32SNE_20230724_0_L2A
2023-08-13,siliana,Siliana,centre-west,0.1442,0.0797,-0.1510,1.64,0.0,0.773,S2B_32SNE_20230813_0_L2A
2023-09-17,siliana,Siliana,centre-west,0.1161,0.0452,-0.1449,0.52,0.0,0.816,S2A_32SNE_20230917_0_L2A
2023-10-12,siliana,Siliana,centre-west,0.1461,0.0845,-0.1609,2.38,0.0,0.742,S2B_32SNE_20231012_0_L2A
2023-11-14,siliana,Siliana,centre-west,0.1424,0.0966,-0.1618,2.97,0.0,1.000,S2B_32SNE_20231114_0_L2A
2023-12-26,siliana,Siliana,centre-west,0.2678,0.1290,-0.1001,9.24,0.0,0.763,S2A_32SNE_20231226_0_L2A
2024-01-25,siliana,Siliana,centre-west,0.3628,0.1855,-0.0157,31.56,0.0,0.537,S2A_32SNF_20240125_0_L2A
2024-02-04,siliana,Siliana,centre-west,0.4576,0.2123,0.0509,52.11,0.0,0.701,S2A_32SNE_20240204_0_L2A
2024-03-20,siliana,Siliana,centre-west,0.5643,0.2125,0.1842,80.21,0.0,0.752,S2B_32SNE_20240320_0_L2A
2024-04-04,siliana,Siliana,centre-west,0.5364,0.2137,0.1594,75.93,0.0,0.263,S2A_32SNE_20240404_1_L2A
2024-05-27,siliana,Siliana,centre-west,0.1756,0.0839,-0.1372,2.01,0.0,0.964,S2A_32SNF_20240527_1_L2A
2024-06-06,siliana,Siliana,centre-west,0.1636,0.0763,-0.1341,1.53,0.0,1.000,S2A_32SNE_20240606_0_L2A
2024-07-11,siliana,Siliana,centre-west,0.1225,0.0640,-0.1546,0.80,0.0,1.000,S2B_32SNE_20240711_0_L2A
2024-08-12,siliana,Siliana,centre-west,0.1193,0.0596,-0.1595,0.45,0.0,0.748,S2A_32SNE_20240812_0_L2A
2024-09-01,siliana,Siliana,centre-west,,,,,0.0,,S2A_32SNE_20240901_0_L2A
2024-10-01,siliana,Siliana,centre-west,0.1646,0.0946,-0.1857,1.38,0.0,0.799,S2A_32SNE_20241001_0_L2A
2024-11-25,siliana,Siliana,centre-west,0.2255,0.1193,-0.1348,6.41,0.0,0.646,S2B_32SNF_20241125_0_L2A
2024-12-18,siliana,Siliana,centre-west,0.2496,0.1427,-0.1027,12.99,0.0,1.000,S2B_32SNE_20241218_0_L2A
2025-01-24,siliana,Siliana,centre-west,0.3182,0.1378,-0.0371,24.69,0.0,0.595,S2B_32SNF_20250124_0_L2A
2025-02-18,siliana,Siliana,centre-west,0.5072,0.1850,0.1178,72.05,0.0,0.735,S2C_32SNE_20250218_0_L2A
2025-03-15,siliana,Siliana,centre-west,0.5300,0.2043,0.1691,78.03,0.0,0.622,S2B_32SNF_20250315_0_L2A
2025-04-04,siliana,Siliana,centre-west,0.5793,0.2141,0.2038,81.26,0.0,0.713,S2B_32SNE_20250404_0_L2A
2025-05-27,siliana,Siliana,centre-west,0.2561,0.1007,-0.0969,7.70,0.0,1.000,S2B_32SNE_20250527_0_L2A
2025-06-13,siliana,Siliana,centre-west,0.2002,0.0752,-0.1263,1.85,0.0,0.681,S2B_32SNE_20250613_1_L2A
2025-07-23,siliana,Siliana,centre-west,0.1507,0.0746,-0.1478,1.38,0.0,1.000,S2A_32SNE_20250723_0_L2A
2025-08-05,siliana,Siliana,centre-west,0.1556,0.0792,-0.1322,1.97,0.0,1.000,S2B_32SNE_20250805_0_L2A
2025-09-01,siliana,Siliana,centre-west,0.1543,0.0728,-0.1655,1.48,0.0,0.743,S2B_32SNE_20250901_1_L2A
2025-10-08,siliana,Siliana,centre-west,0.1934,0.0951,-0.1671,2.53,0.0,0.769,S2A_32SNE_20251008_0_L2A
2025-11-30,siliana,Siliana,centre-west,0.2469,0.1327,-0.1182,9.32,0.0,1.000,S2A_32SNE_20251130_1_L2A
2025-12-28,siliana,Siliana,centre-west,0.3335,0.1474,-0.0280,27.29,0.4,0.996,S2C_32SNE_20251228_0_L2A
2026-01-09,siliana,Siliana,centre-west,0.3772,0.1554,0.0019,37.44,0.0,1.000,S2A_32SNE_20260109_0_L2A
2026-02-26,siliana,Siliana,centre-west,0.5530,0.2278,0.1583,74.26,0.0,1.000,S2C_32SNF_20260226_0_L2A
2026-03-18,siliana,Siliana,centre-west,0.5989,0.2432,0.2083,78.24,0.0,1.000,S2C_32SNE_20260318_0_L2A
2026-04-07,siliana,Siliana,centre-west,0.5813,0.2504,0.2048,75.35,0.0,1.000,S2C_32SNE_20260407_0_L2A
2026-05-19,siliana,Siliana,centre-west,0.2913,0.1287,-0.0325,21.53,0.1,0.999,S2A_32SNF_20260519_2_L2A
2026-06-28,siliana,Siliana,centre-west,0.1574,0.0792,-0.1410,1.40,0.0,1.000,S2A_32SNE_20260628_1_L2A
2026-07-16,siliana,Siliana,centre-west,0.1497,0.0788,-0.1367,1.15,0.0,1.000,S2C_32SNE_20260716_0_L2A
2026-08-20,siliana,Siliana,centre-west,0.1482,0.0825,-0.1599,1.60,0.0,1.000,S2B_32SNE_20260820_0_L2A
2022-01-30,sousse,Sousse,sahel,0.2504,0.1334,-0.0816,10.23,0.0,1.000,S2B_32SPE_20220130_0_L2A
2022-02-04,sousse,Sousse,sahel,0.2619,0.1338,-0.0745,10.60,6.0,0.940,S2A_32SPE_20220204_0_L2A
2022-03-06,sousse,Sousse,sahel,0.2700,0.1267,-0.0593,11.66,23.2,0.768,S2A_32SPE_20220306_0_L2A
2022-04-10,sousse,Sousse,sahel,0.2678,0.1199,-0.0564,11.82,0.0,1.000,S2B_32SPE_20220410_0_L2A
2022-05-15,sousse,Sousse,sahel,0.1957,0.1082,-0.1238,1.96,0.0,1.000,S2A_32SPE_20220515_0_L2A
2022-06-24,sousse,Sousse,sahel,0.1605,0.0857,-0.1323,1.18,0.0,1.000,S2A_32SPE_20220624_0_L2A
2022-07-19,sousse,Sousse,sahel,0.1616,0.0777,-0.1272,1.50,0.0,1.000,S2B_32SPE_20220719_0_L2A
2022-08-13,sousse,Sousse,sahel,0.1548,0.0846,-0.1565,1.08,0.0,1.000,S2A_32SPE_20220813_0_L2A
2022-09-12,sousse,Sousse,sahel,0.1489,0.0870,-0.1594,1.02,0.0,1.000,S2A_32SPE_20220912_0_L2A
2022-10-22,sousse,Sousse,sahel,0.1809,0.1055,-0.1330,1.76,0.1,0.999,S2A_32SPE_20221022_0_L2A
2022-11-21,sousse,Sousse,sahel,0.1787,0.1006,-0.1325,2.14,0.1,0.999,S2A_32SPE_20221121_0_L2A
2022-12-21,sousse,Sousse,sahel,0.1897,0.1135,-0.1254,3.09,0.1,0.999,S2A_32SPE_20221221_0_L2A
2023-01-05,sousse,Sousse,sahel,0.1799,0.1003,-0.1287,2.87,1.5,0.985,S2B_32SPE_20230105_0_L2A
2023-02-19,sousse,Sousse,sahel,0.1824,0.0962,-0.1050,2.51,0.1,0.999,S2A_32SPE_20230219_0_L2A
2023-03-26,sousse,Sousse,sahel,0.1974,0.1042,-0.0979,3.32,0.0,1.000,S2B_32SPE_20230326_0_L2A
2023-04-10,sousse,Sousse,sahel,0.1910,0.0944,-0.0998,3.05,0.2,0.998,S2A_32SPE_20230410_0_L2A
2023-06-19,sousse,Sousse,sahel,0.1891,0.0991,-0.1221,1.99,0.1,0.999,S2A_32SPE_20230619_0_L2A
2023-07-04,sousse,Sousse,sahel,0.1565,0.0799,-0.1475,1.30,0.0,1.000,S2B_32SPE_20230704_0_L2A
2023-08-08,sousse,Sousse,sahel,0.1502,0.0769,-0.1357,1.25,0.0,1.000,S2A_32SPE_20230808_0_L2A
2023-09-17,sousse,Sousse,sahel,0.1457,0.0798,-0.1415,0.95,0.0,1.000,S2A_32SPE_20230917_0_L2A
2023-10-12,sousse,Sousse,sahel,0.1570,0.0805,-0.1324,1.38,0.0,1.000,S2B_32SPE_20231012_0_L2A
2023-11-16,sousse,Sousse,sahel,0.1604,0.0942,-0.1473,1.56,0.1,0.999,S2A_32SPE_20231116_0_L2A
2023-12-26,sousse,Sousse,sahel,0.2371,0.1294,-0.0496,11.66,0.1,0.999,S2A_32SPE_20231226_0_L2A
2024-01-25,sousse,Sousse,sahel,0.2798,0.1507,-0.0452,18.00,0.1,0.999,S2A_32SPE_20240125_0_L2A
2024-02-04,sousse,Sousse,sahel,0.3001,0.1569,-0.0333,22.21,0.0,1.000,S2A_32SPE_20240204_0_L2A
2024-03-30,sousse,Sousse,sahel,0.2780,0.0947,0.0117,29.66,0.2,0.998,S2B_32SPE_20240330_0_L2A
2024-04-04,sousse,Sousse,sahel,0.3097,0.1286,-0.0303,20.04,0.0,0.286,S2A_32SPE_20240404_0_L2A
2024-05-19,sousse,Sousse,sahel,0.2131,0.1086,-0.0857,3.11,0.1,0.999,S2B_32SPE_20240519_0_L2A
2024-06-08,sousse,Sousse,sahel,0.1770,0.0868,-0.1148,1.51,0.0,1.000,S2B_32SPE_20240608_0_L2A
2024-07-18,sousse,Sousse,sahel,0.1628,0.0794,-0.1133,1.57,0.0,1.000,S2B_32SPE_20240718_0_L2A
2024-08-27,sousse,Sousse,sahel,0.1647,0.0841,-0.1335,1.49,0.0,1.000,S2B_32SPE_20240827_0_L2A
2024-09-01,sousse,Sousse,sahel,,,,,0.0,,S2A_32SPE_20240901_0_L2A
2024-10-01,sousse,Sousse,sahel,0.1948,0.1267,-0.1196,5.61,0.1,0.999,S2A_32SPE_20241001_0_L2A
2024-11-20,sousse,Sousse,sahel,0.3596,0.1796,-0.0032,37.83,0.0,1.000,S2A_32SPE_20241120_0_L2A
2024-12-10,sousse,Sousse,sahel,0.3772,0.1841,0.0218,44.84,0.0,1.000,S2A_32SPE_20241210_0_L2A
2025-01-24,sousse,Sousse,sahel,0.3589,0.1644,0.0384,47.37,0.1,0.999,S2B_32SPE_20250124_0_L2A
2025-02-03,sousse,Sousse,sahel,0.3959,0.1811,0.0482,50.47,0.0,1.000,S2B_32SPE_20250203_0_L2A
2025-03-15,sousse,Sousse,sahel,0.3523,0.1129,0.0700,65.41,0.1,0.999,S2B_32SPE_20250315_0_L2A
2025-04-19,sousse,Sousse,sahel,0.2786,0.1190,-0.0634,10.55,0.0,1.000,S2C_32SPE_20250419_0_L2A
2025-05-31,sousse,Sousse,sahel,0.2041,0.0928,-0.1315,2.17,0.0,1.000,S2A_32SPE_20250531_0_L2A
2025-06-13,sousse,Sousse,sahel,0.1948,0.0895,-0.1418,1.80,0.0,1.000,S2B_32SPE_20250613_1_L2A
2025-07-18,sousse,Sousse,sahel,0.1730,0.0801,-0.1404,1.47,0.0,1.000,S2C_32SPE_20250718_0_L2A
2025-08-07,sousse,Sousse,sahel,0.1645,0.0800,-0.1444,1.38,0.0,1.000,S2C_32SPE_20250807_0_L2A
2025-09-01,sousse,Sousse,sahel,0.1661,0.0825,-0.1473,1.31,0.0,1.000,S2B_32SPE_20250901_1_L2A
2025-10-26,sousse,Sousse,sahel,0.1973,0.0998,-0.1238,2.93,0.0,1.000,S2C_32SPE_20251026_0_L2A
2025-11-30,sousse,Sousse,sahel,0.2218,0.1103,-0.1076,5.06,0.1,0.999,S2B_32SPE_20251130_0_L2A
2025-12-30,sousse,Sousse,sahel,0.2474,0.1273,-0.0835,10.62,0.1,0.999,S2B_32SPE_20251230_1_L2A
2026-01-09,sousse,Sousse,sahel,0.2702,0.1389,-0.0596,15.42,0.1,0.999,S2B_32SPE_20260109_1_L2A
2026-02-18,sousse,Sousse,sahel,0.3414,0.1687,-0.0096,30.46,0.0,1.000,S2B_32SPE_20260218_0_L2A
2026-03-25,sousse,Sousse,sahel,0.3498,0.1487,-0.0009,33.98,0.3,0.997,S2C_32SPE_20260325_0_L2A
2026-04-06,sousse,Sousse,sahel,0.3143,0.1377,-0.0355,21.28,0.0,1.000,S2A_32SPE_20260406_0_L2A
2026-05-29,sousse,Sousse,sahel,0.1942,0.0890,-0.1210,1.85,0.0,1.000,S2B_32SPE_20260529_0_L2A
2026-06-05,sousse,Sousse,sahel,0.1835,0.0891,-0.1265,1.47,0.0,1.000,S2A_32SPE_20260605_0_L2A
2026-07-08,sousse,Sousse,sahel,0.1685,0.0805,-0.1346,1.38,0.0,1.000,S2B_32SPE_20260708_0_L2A
2026-08-22,sousse,Sousse,sahel,0.1444,0.0790,-0.1553,0.89,0.0,1.000,S2C_32SPE_20260822_0_L2A
2022-01-30,monastir,Monastir,sahel,0.2502,0.1275,-0.0659,9.53,0.1,0.999,S2B_32SPE_20220130_0_L2A
2022-02-04,monastir,Monastir,sahel,0.2624,0.1304,-0.0612,10.37,1.7,0.954,S2A_32SPE_20220204_0_L2A
2022-03-06,monastir,Monastir,sahel,0.2356,0.1143,-0.0566,8.33,38.4,0.192,S2A_32SPE_20220306_0_L2A
2022-04-10,monastir,Monastir,sahel,0.2414,0.1226,-0.0541,9.96,0.1,0.999,S2B_32SPE_20220410_0_L2A
2022-05-15,monastir,Monastir,sahel,0.1979,0.1216,-0.0999,3.20,8.6,0.894,S2A_32SPE_20220515_0_L2A
2022-06-24,monastir,Monastir,sahel,0.1647,0.0981,-0.1094,1.98,0.0,1.000,S2A_32SPE_20220624_0_L2A
2022-07-19,monastir,Monastir,sahel,0.1584,0.0827,-0.1143,1.77,0.0,1.000,S2B_32SPE_20220719_0_L2A
2022-08-13,monastir,Monastir,sahel,0.1560,0.0882,-0.1354,1.34,0.0,1.000,S2A_32SPE_20220813_0_L2A
2022-09-12,monastir,Monastir,sahel,0.1518,0.0897,-0.1432,1.27,0.0,1.000,S2A_32SPE_20220912_0_L2A
2022-10-22,monastir,Monastir,sahel,0.2041,0.1165,-0.1046,3.36,0.1,0.999,S2A_32SPE_20221022_0_L2A
2022-11-21,monastir,Monastir,sahel,0.1968,0.1083,-0.1033,3.62,0.1,0.999,S2A_32SPE_20221121_0_L2A
2022-12-21,monastir,Monastir,sahel,0.2121,0.1233,-0.0980,5.26,0.1,0.999,S2A_32SPE_20221221_0_L2A
2023-01-05,monastir,Monastir,sahel,0.1910,0.1031,-0.1020,4.22,16.7,0.668,S2B_32SPE_20230105_0_L2A
2023-02-19,monastir,Monastir,sahel,0.2023,0.1083,-0.0621,5.67,0.0,0.999,S2A_32SPE_20230219_0_L2A
2023-03-26,monastir,Monastir,sahel,0.2285,0.1266,-0.0626,9.19,0.4,0.995,S2B_32SPE_20230326_0_L2A
2023-04-10,monastir,Monastir,sahel,0.2226,0.1155,-0.0627,8.27,0.0,1.000,S2A_32SPE_20230410_0_L2A
2023-06-19,monastir,Monastir,sahel,0.2005,0.1183,-0.0944,4.03,0.1,0.999,S2A_32SPE_20230619_0_L2A
2023-07-04,monastir,Monastir,sahel,0.1707,0.0919,-0.1164,2.27,0.0,1.000,S2B_32SPE_20230704_0_L2A
2023-08-08,monastir,Monastir,sahel,0.1572,0.0812,-0.1109,1.51,0.0,1.000,S2A_32SPE_20230808_0_L2A
2023-09-17,monastir,Monastir,sahel,0.1692,0.0996,-0.1102,2.00,0.0,1.000,S2A_32SPE_20230917_0_L2A
2023-10-12,monastir,Monastir,sahel,0.1723,0.0888,-0.1093,2.09,0.0,1.000,S2B_32SPE_20231012_0_L2A
2023-11-16,monastir,Monastir,sahel,0.1747,0.0998,-0.1241,2.22,0.1,0.999,S2A_32SPE_20231116_0_L2A
2023-12-26,monastir,Monastir,sahel,0.2368,0.1235,-0.0169,14.10,0.1,0.985,S2A_32SPE_20231226_0_L2A
2024-01-25,monastir,Monastir,sahel,0.2734,0.1454,-0.0335,17.68,0.1,0.989,S2A_32SPE_20240125_0_L2A
2024-02-04,monastir,Monastir,sahel,0.2915,0.1561,-0.0233,21.99,0.1,0.992,S2A_32SPE_20240204_0_L2A
2024-03-30,monastir,Monastir,sahel,0.2371,0.0923,0.0037,17.45,1.3,0.976,S2B_32SPE_20240330_0_L2A
2024-04-04,monastir,Monastir,sahel,0.1842,0.1719,-0.0046,18.26,0.0,0.000,S2A_32SPE_20240404_0_L2A
2024-05-19,monastir,Monastir,sahel,0.1924,0.1055,-0.0744,3.30,0.3,0.997,S2B_32SPE_20240519_0_L2A
2024-06-08,monastir,Monastir,sahel,0.1759,0.0962,-0.0959,2.19,0.1,0.999,S2B_32SPE_20240608_0_L2A
2024-07-18,monastir,Monastir,sahel,0.1609,0.0822,-0.1024,1.71,0.0,1.000,S2B_32SPE_20240718_0_L2A
2024-08-27,monastir,Monastir,sahel,0.1685,0.0880,-0.1152,1.77,0.0,1.000,S2B_32SPE_20240827_0_L2A
2024-09-01,monastir,Monastir,sahel,,,,,0.0,,S2A_32SPE_20240901_0_L2A
2024-10-01,monastir,Monastir,sahel,0.2076,0.1215,-0.0968,5.31,0.2,0.995,S2A_32SPE_20241001_0_L2A
2024-11-20,monastir,Monastir,sahel,0.3433,0.1759,0.0079,37.79,2.5,0.970,S2A_32SPE_20241120_0_L2A
2024-12-10,monastir,Monastir,sahel,0.3681,0.1857,0.0350,45.94,0.1,0.992,S2A_32SPE_20241210_0_L2A
2025-01-24,monastir,Monastir,sahel,0.3380,0.1703,0.0585,48.71,0.1,0.990,S2B_32SPE_20250124_0_L2A
2025-02-03,monastir,Monastir,sahel,0.3977,0.1964,0.1204,64.09,0.1,0.985,S2B_32SPE_20250203_0_L2A
2025-03-15,monastir,Monastir,sahel,0.3232,0.1385,0.0678,54.05,0.3,0.987,S2B_32SPE_20250315_0_L2A
2025-04-19,monastir,Monastir,sahel,0.2721,0.1356,-0.0409,15.53,0.0,0.992,S2C_32SPE_20250419_0_L2A
2025-05-31,monastir,Monastir,sahel,0.2278,0.1148,-0.0823,5.68,0.0,0.994,S2A_32SPE_20250531_0_L2A
2025-06-13,monastir,Monastir,sahel,0.2095,0.1049,-0.1017,3.49,0.0,0.997,S2B_32SPE_20250613_1_L2A
2025-07-18,monastir,Monastir,sahel,0.1809,0.0873,-0.1084,2.18,0.0,1.000,S2C_32SPE_20250718_0_L2A
2025-08-07,monastir,Monastir,sahel,0.1719,0.0852,-0.1147,1.90,0.0,1.000,S2C_32SPE_20250807_0_L2A
2025-09-01,monastir,Monastir,sahel,0.1675,0.0861,-0.1193,1.61,0.0,1.000,S2B_32SPE_20250901_1_L2A
2025-10-26,monastir,Monastir,sahel,0.1807,0.0892,-0.1060,2.48,0.0,1.000,S2C_32SPE_20251026_0_L2A
2025-11-30,monastir,Monastir,sahel,0.2171,0.1060,-0.0875,4.75,0.1,0.999,S2B_32SPE_20251130_0_L2A
2025-12-30,monastir,Monastir,sahel,0.2340,0.1174,-0.0705,8.03,0.1,0.997,S2B_32SPE_20251230_1_L2A
2026-01-09,monastir,Monastir,sahel,0.2546,0.1273,-0.0589,10.26,0.0,0.997,S2B_32SPE_20260109_1_L2A
2026-02-18,monastir,Monastir,sahel,0.3154,0.1723,0.0003,30.63,0.1,0.988,S2B_32SPE_20260218_0_L2A
2026-03-25,monastir,Monastir,sahel,0.3216,0.1653,0.0045,32.84,0.1,0.988,S2C_32SPE_20260325_0_L2A
2026-04-06,monastir,Monastir,sahel,0.2998,0.1596,-0.0190,25.53,0.1,0.989,S2A_32SPE_20260406_0_L2A
2026-05-29,monastir,Monastir,sahel,0.1971,0.0988,-0.0951,3.41,0.0,1.000,S2B_32SPE_20260529_0_L2A
2026-06-05,monastir,Monastir,sahel,0.1900,0.1018,-0.0959,3.00,0.0,1.000,S2A_32SPE_20260605_0_L2A
2026-07-08,monastir,Monastir,sahel,0.1704,0.0873,-0.1082,2.13,0.0,1.000,S2B_32SPE_20260708_0_L2A
2026-08-22,monastir,Monastir,sahel,0.1507,0.0852,-0.1333,1.10,0.0,1.000,S2C_32SPE_20260822_0_L2A
2022-01-30,mahdia,Mahdia,sahel,0.2322,0.0902,-0.1075,3.69,0.0,1.000,S2B_32SPE_20220130_0_L2A
2022-02-04,mahdia,Mahdia,sahel,0.2376,0.0903,-0.0989,3.96,0.0,1.000,S2A_32SPE_20220204_0_L2A
2022-03-06,mahdia,Mahdia,sahel,0.2103,0.0732,-0.1102,1.99,34.1,0.659,S2A_32SPE_20220306_0_L2A
2022-04-10,mahdia,Mahdia,sahel,0.2127,0.0776,-0.1000,2.87,0.1,0.999,S2B_32SPE_20220410_0_L2A
2022-05-15,mahdia,Mahdia,sahel,0.1776,0.0710,-0.1322,0.66,0.5,0.995,S2A_32SPE_20220515_0_L2A
2022-06-24,mahdia,Mahdia,sahel,0.1539,0.0564,-0.1398,0.35,0.0,1.000,S2A_32SPE_20220624_0_L2A
2022-07-19,mahdia,Mahdia,sahel,0.1499,0.0500,-0.1444,0.31,0.0,1.000,S2B_32SPE_20220719_0_L2A
2022-08-13,mahdia,Mahdia,sahel,0.1435,0.0516,-0.1612,0.21,0.0,1.000,S2A_32SPE_20220813_0_L2A
2022-09-12,mahdia,Mahdia,sahel,0.1420,0.0557,-0.1634,0.19,0.0,1.000,S2A_32SPE_20220912_0_L2A
2022-10-22,mahdia,Mahdia,sahel,0.1716,0.0696,-0.1364,0.58,0.3,0.997,S2A_32SPE_20221022_0_L2A
2022-11-21,mahdia,Mahdia,sahel,0.1764,0.0700,-0.1268,0.96,0.0,1.000,S2A_32SPE_20221121_0_L2A
2022-12-21,mahdia,Mahdia,sahel,0.1976,0.0850,-0.1208,1.80,0.0,1.000,S2A_32SPE_20221221_0_L2A
2023-01-05,mahdia,Mahdia,sahel,0.1849,0.0713,-0.1336,1.23,2.1,0.979,S2B_32SPE_20230105_0_L2A
2023-02-19,mahdia,Mahdia,sahel,0.1943,0.0738,-0.0786,2.12,0.0,1.000,S2A_32SPE_20230219_0_L2A
2023-03-26,mahdia,Mahdia,sahel,0.2267,0.0879,-0.0871,4.69,0.2,0.998,S2B_32SPE_20230326_0_L2A
2023-04-10,mahdia,Mahdia,sahel,0.2265,0.0815,-0.0766,4.47,0.0,1.000,S2A_32SPE_20230410_0_L2A
2023-06-19,mahdia,Mahdia,sahel,0.1987,0.0769,-0.1107,1.31,0.0,1.000,S2A_32SPE_20230619_0_L2A
2023-07-04,mahdia,Mahdia,sahel,0.1678,0.0568,-0.1402,0.49,0.0,1.000,S2B_32SPE_20230704_0_L2A
2023-08-08,mahdia,Mahdia,sahel,0.1591,0.0507,-0.1354,0.32,0.0,1.000,S2A_32SPE_20230808_0_L2A
2023-09-17,mahdia,Mahdia,sahel,0.1707,0.0693,-0.1270,0.57,0.0,1.000,S2A_32SPE_20230917_0_L2A
2023-10-12,mahdia,Mahdia,sahel,0.1732,0.0604,-0.1291,0.53,0.0,1.000,S2B_32SPE_20231012_0_L2A
2023-11-16,mahdia,Mahdia,sahel,0.1730,0.0676,-0.1395,0.75,0.3,0.997,S2A_32SPE_20231116_0_L2A
2023-12-26,mahdia,Mahdia,sahel,0.2295,0.0868,-0.0197,8.56,1.7,0.983,S2A_32SPE_20231226_0_L2A
2024-01-25,mahdia,Mahdia,sahel,0.2558,0.0992,-0.0676,8.94,0.0,1.000,S2A_32SPE_20240125_0_L2A
2024-02-04,mahdia,Mahdia,sahel,0.2786,0.1092,-0.0519,13.80,0.0,1.000,S2A_32SPE_20240204_0_L2A
2024-03-30,mahdia,Mahdia,sahel,0.2293,0.0595,-0.0240,9.00,2.3,0.977,S2B_32SPE_20240330_0_L2A
2024-04-04,mahdia,Mahdia,sahel,0.2505,0.0922,-0.0664,8.14,0.0,1.000,S2A_32SPE_20240404_1_L2A
2024-05-19,mahdia,Mahdia,sahel,0.1839,0.0649,-0.1075,0.56,0.5,0.995,S2B_32SPE_20240519_0_L2A
2024-06-08,mahdia,Mahdia,sahel,0.1741,0.0590,-0.1215,0.40,0.0,1.000,S2B_32SPE_20240608_0_L2A
2024-07-18,mahdia,Mahdia,sahel,0.1605,0.0515,-0.1294,0.36,0.0,1.000,S2B_32SPE_20240718_0_L2A
2024-08-27,mahdia,Mahdia,sahel,0.1637,0.0544,-0.1443,0.31,0.0,1.000,S2B_32SPE_20240827_0_L2A
2024-09-01,mahdia,Mahdia,sahel,,,,,0.0,,S2A_32SPE_20240901_0_L2A
2024-10-01,mahdia,Mahdia,sahel,0.2128,0.0939,-0.1036,3.07,0.1,0.999,S2A_32SPE_20241001_0_L2A
2024-11-20,mahdia,Mahdia,sahel,0.3488,0.1382,-0.0047,34.28,0.0,1.000,S2A_32SPE_20241120_0_L2A
2024-12-10,mahdia,Mahdia,sahel,0.3706,0.1487,0.0217,43.31,4.5,0.955,S2A_32SPE_20241210_0_L2A
2026-09-12,tunis,Tunis,north,0.1622,0.1353,-0.0752,5.87,0.0,1.000,S2B_32SNF_20260909_0_L2A
2026-09-12,ariana,Ariana,north,,,,,41.2,,S2C_32SNG_20260911_0_L2A
2026-09-12,ben-arous,Ben Arous,north,0.1896,0.1377,-0.1284,5.32,0.0,1.000,S2B_32SNF_20260909_0_L2A
2026-09-12,manouba,Manouba,north,0.1767,0.1120,-0.1362,3.95,0.0,1.000,S2B_32SNF_20260909_0_L2A
2026-09-12,nabeul,Nabeul,cap-bon,0.2968,0.1738,-0.0814,18.32,4.6,0.954,S2B_32SPF_20260906_0_L2A
2026-09-12,zaghouan,Zaghouan,north,0.2296,0.1462,-0.1275,10.03,0.0,1.000,S2B_32SNF_20260909_0_L2A
2026-09-12,bizerte,Bizerte,north,0.1519,0.0800,-0.1171,2.58,19.0,0.551,S2C_32SNG_20260911_0_L2A
2026-09-12,beja,Béja,north,0.2351,0.1602,-0.0825,12.03,0.0,1.000,S2B_32SMF_20260909_0_L2A
2026-09-12,jendouba,Jendouba,north,0.2810,0.2098,-0.0719,18.61,0.0,1.000,S2B_32SMF_20260909_0_L2A
2026-09-12,kef,Le Kef,north,0.1610,0.0726,-0.1394,1.26,0.0,1.000,S2B_32SME_20260909_0_L2A
2026-09-12,siliana,Siliana,centre-west,0.1421,0.0819,-0.1651,1.77,0.3,0.997,S2B_32SNE_20260909_0_L2A
2026-09-12,sousse,Sousse,sahel,0.1552,0.0814,-0.1474,1.10,0.1,0.999,S2B_32SPE_20260906_0_L2A
2026-09-12,monastir,Monastir,sahel,0.1599,0.0858,-0.1265,1.37,0.0,1.000,S2B_32SPE_20260906_0_L2A
2026-09-12,mahdia,Mahdia,sahel,0.1489,0.0526,-0.1524,0.20,0.2,0.998,S2B_32SPE_20260906_0_L2A
2026-09-12,sfax,Sfax,sahel,0.1004,0.0459,-0.1471,0.26,19.8,0.802,S2C_32SPD_20260911_0_L2A
2026-09-12,kairouan,Kairouan,centre-west,0.1523,0.1225,-0.1326,6.23,0.2,0.998,S2B_32SNE_20260909_0_L2A
2026-09-12,kasserine,Kasserine,centre-west,0.1435,0.0823,-0.1418,2.24,2.2,0.978,S2B_32SMD_20260909_0_L2A
2026-09-12,sidi-bouzid,Sidi Bouzid,centre-west,0.1313,0.0945,-0.1351,3.19,9.0,0.910,S2C_32SND_20260911_0_L2A
2026-09-12,gabes,Gabès,south,0.0852,0.0862,-0.1134,2.06,10.0,0.900,S2C_32SNC_20260911_0_L2A
2026-09-12,medenine,Medenine,south,0.0792,0.0261,-0.1398,0.07,0.0,1.000,S2C_32SPB_20260911_0_L2A
2026-09-12,tataouine,Tataouine,south,0.0857,0.0132,-0.1362,0.00,2.6,0.974,S2C_32SNB_20260911_0_L2A
2026-09-12,gafsa,Gafsa,south,0.0701,0.0333,-0.1243,0.24,0.0,1.000,S2C_32SNC_20260911_0_L2A
2026-09-12,tozeur,Tozeur,south,0.0765,0.0841,-0.0810,4.29,0.2,0.998,S2B_32SLC_20260909_1_L2A
2026-09-12,kebili,Kebili,south,0.0635,0.0467,-0.0811,1.06,29.6,0.704,S2C_32SNC_20260911_0_L2A
